Workbook

Sheet FIFA World cup 2026
A1: "Av alle uviktige ting i verden er fotball den aller viktigste" (pave Johannes Paul II)
A2: Gruppene:
A3: A: | B3: B: | C3: C: | E3: D: | F3: E: | K3: F: | N3: G: | S3: H: | Y3: I: | AC3: J: | AG3: K: | AK3: L:
A4: Mexico | B4: Canada | C4: Brasil | E4: USA | F4: Tyskland | K4: Nederland | N4: Belgia | S4: Spania | Y4: Frankrike | AC4: Argentina | AG4: Portugal | AK4: England
A5: Sør-Afrika | B5: Qatar | C5: Marokko | E5: Tyrkia | F5: Elfenbenskysten | K5: Japan | N5: Iran | S5: Saudi-Arabia | Y5: Norge | AC5: Østerrike | AG5: Usbekistan | AK5: Kroatia
A6: Sør-Korea | B6: Bosnia-Herceg. | C6: Haiti | E6: Australia | F6: Ecuador | K6: Sverige | N6: Egypt | S6: Uruguay | Y6: Irak | AC6: Jordan | AG6: Colombia | AK6: Panama
A7: Tsjekkia | B7: Sveits | C7: Skottland | E7: Paraguay | F7: Curacao | K7: Tunisia | N7: New Zealand | S7: Kapp Verde | Y7: Senegal | AC7: Algerie | AG7: DR Kongo | AK7: Ghana
A9: Gruppespillet:
A10: (Tipp sluttresultat i kampene. Rett resultat - H/U/B - gir 1 poeng, rett målscore gir 1 poeng)
A11: Gruppe A: Torsdag 11.06.2026 21:00 Mexico - Sør-Afrika | G11: -
A12: Gruppe C: Søndag 14.06.2026 00:00 Brasil - Marokko | G12: -
A13: Gruppe H: Mandag 15.06.2026 18:00 Spania - Kapp Verde | G13: -
A14: Gruppe J: Tirsdag 17.06.2026 03:00 Argentina - Algerie | G14: -
A15: Gruppe L: Onsdag 17.06.2026 22:00 England - Kroatia | G15: -
A16: Gruppe F: Lørdag 20.06.2026 19:00 Nederland - Sverige | G16: -
A17: Gruppe I: Tirsdag 23.06.2026 02:00 Norge - Senegal | G17: -
A18: Gruppe E: Torsdag 25.06.2026 22:00 Ecuador - Tyskland | G18: -
A19: Gruppe I: Fredag 26.06.2026 21:00 Norge - Frankrike | G19: -
A20: Gruppe K: Lørdag 27.06.2026 02:00 Colombia - Portugal | G20: -
A22: (Tipp sluttresultater i gruppene, 2 poeng for hvert rett svar)
A23: Hvem blir vinner i gruppe A?
A24: Hvem blir toer i gruppe B?
A25: Går 3. plass i gruppe C videre? (J/N)
A26: Hvem blir vinner i gruppe D?
A27: Hvem blir vinner i gruppe F?
A28: Hvem blir vinner i gruppe G?
A29: Hvem blir toer i gruppe I?
A30: Går 3.plass i gruppe K videre? (J/N)
A32: Norge:
A33: (2 poeng for hvert rett svar)
A34: Kommer Norge til å score 7 mål eller mer i gruppespillet? (J/N)
... A36: Kommer Norge til å møte Brasil i finalespillet? (J/N)
A37: Hvem når lengst i VM av Norge og England? (Kryss av) | I37: Norge: | K37: England: | M37: Like langt:
A38: Hvem blir Norges toppscorer? (Kryss av) | I38: Haaland: | K38: Sørloth: | M38: En annen:
A40: Finalespillet:
A41: (2 poeng for hvert rett svar)
A42: Går Sverige videre fra gruppespillet? (J/N)
A43: Hvor mange europeiske lag går til sekstendedelsfinale?
A44: Hvilke av vertsnasjonene går videre til åttendedelsfinale?
A45: Hvilke 8 land går videre til kvartfinaler? Fyll inn
A46: Lag 1:
A47: Lag 2:
A48: Lag 3:
A49: Lag 4:
A50: Lag 5:
A51: Lag 6:
... A57: (2 poeng for ene laget rett)
A58: Hva er målscore etter 90 min i finalen? (3 poeng) | G58: -
A59: Hvem blir verdensmester? (5 poeng)
A60: Fra hvilket land kommer VMs toppscorer? (3 poeng)

Sheet Sammendrag
B2: ⚽ VM 2026 – Slik tippet ekspertene
B3: Sammendrag av alle 14 innleverte tips · «Digibok med venner»
B5: "Av alle uviktige ting i verden er fotball den aller viktigste" – pave Johannes Paul II
B7: ⚽ Folkets kupong – gruppespillet
B8: Kamp | C8: Snitt-tips | D8: Folkets dom | E8: Hjemme | F8: Uavgjort | G8: Borte
B9: Mexico – Sør-Afrika | C9: =ROUND(AVERAGE(Data!B2:B15),1)&" – "&ROUND(AVERAGE(Data!C2:C15),1) -> 2.1 – 0.4 | D9: =ROUND(AVERAGE(Data!B2:B15),0)&"–"&ROUND(AVERAGE(Data!C2:C15),0) -> 2–0 | E9: =COUNTIF(Data!V2:V15,"H") -> 14 | F9: =COUNTIF(Data!V2:V15,"U") -> 0 | G9: =COUNTIF(Data!V2:V15,"B") -> 0
B10: Brasil – Marokko | C10: =ROUND(AVERAGE(Data!D2:D15),1)&" – "&ROUND(AVERAGE(Data!E2:E15),1) -> 1.5 – 0.7 | D10: =ROUND(AVERAGE(Data!D2:D15),0)&"–"&ROUND(AVERAGE(Data!E2:E15),0) -> 2–1 | E10: =COUNTIF(Data!W2:W15,"H") -> 10 | F10: =COUNTIF(Data!W2:W15,"U") -> 4 | G10: =COUNTIF(Data!W2:W15,"B") -> 0
B11: Spania – Kapp Verde | C11: =ROUND(AVERAGE(Data!F2:F15),1)&" – "&ROUND(AVERAGE(Data!G2:G15),1) -> 3.3 – 0.1 | D11: =ROUND(AVERAGE(Data!F2:F15),0)&"–"&ROUND(AVERAGE(Data!G2:G15),0) -> 3–0 | E11: =COUNTIF(Data!X2:X15,"H") -> 13 | F11: =COUNTIF(Data!X2:X15,"U") -> 1 | G11: =COUNTIF(Data!X2:X15,"B") -> 0
B12: Argentina – Algerie | C12: =ROUND(AVERAGE(Data!H2:H15),1)&" – "&ROUND(AVERAGE(Data!I2:I15),1) -> 2.1 – 0.6 | D12: =ROUND(AVERAGE(Data!H2:H15),0)&"–"&ROUND(AVERAGE(Data!I2:I15),0) -> 2–1 | E12: =COUNTIF(Data!Y2:Y15,"H") -> 13 | F12: =COUNTIF(Data!Y2:Y15,"U") -> 0 | G12: =COUNTIF(Data!Y2:Y15,"B") -> 1
B13: England – Kroatia | C13: =ROUND(AVERAGE(Data!J2:J15),1)&" – "&ROUND(AVERAGE(Data!K2:K15),1) -> 1.5 – 0.7 | D13: =ROUND(AVERAGE(Data!J2:J15),0)&"–"&ROUND(AVERAGE(Data!K2:K15),0) -> 2–1 | E13: =COUNTIF(Data!Z2:Z15,"H") -> 7 | F13: =COUNTIF(Data!Z2:Z15,"U") -> 6 | G13: =COUNTIF(Data!Z2:Z15,"B") -> 1
B14: Nederland – Sverige | C14: =ROUND(AVERAGE(Data!L2:L15),1)&" – "&ROUND(AVERAGE(Data!M2:M15),1) -> 2 – 0.6 | D14: =ROUND(AVERAGE(Data!L2:L15),0)&"–"&ROUND(AVERAGE(Data!M2:M15),0) -> 2–1 | E14: =COUNTIF(Data!AA2:AA15,"H") -> 13 | F14: =COUNTIF(Data!AA2:AA15,"U") -> 1 | G14: =COUNTIF(Data!AA2:AA15,"B") -> 0
B15: Norge – Senegal | C15: =ROUND(AVERAGE(Data!N2:N15),1)&" – "&ROUND(AVERAGE(Data!O2:O15),1) -> 1.5 – 0.9 | D15: =ROUND(AVERAGE(Data!N2:N15),0)&"–"&ROUND(AVERAGE(Data!O2:O15),0) -> 2–1 | E15: =COUNTIF(Data!AB2:AB15,"H") -> 7 | F15: =COUNTIF(Data!AB2:AB15,"U") -> 6 | G15: =COUNTIF(Data!AB2:AB15,"B") -> 1
B16: Ecuador – Tyskland | C16: =ROUND(AVERAGE(Data!P2:P15),1)&" – "&ROUND(AVERAGE(Data!Q2:Q15),1) -> 0.4 – 1.9 | D16: =ROUND(AVERAGE(Data!P2:P15),0)&"–"&ROUND(AVERAGE(Data!Q2:Q15),0) -> 0–2 | E16: =COUNTIF(Data!AC2:AC15,"H") -> 0 | F16: =COUNTIF(Data!AC2:AC15,"U") -> 0 | G16: =COUNTIF(Data!AC2:AC15,"B") -> 14
B17: Norge – Frankrike | C17: =ROUND(AVERAGE(Data!R2:R15),1)&" – "&ROUND(AVERAGE(Data!S2:S15),1) -> 1.1 – 2.3 | D17: =ROUND(AVERAGE(Data!R2:R15),0)&"–"&ROUND(AVERAGE(Data!S2:S15),0) -> 1–2 | E17: =COUNTIF(Data!AD2:AD15,"H") -> 1 | F17: =COUNTIF(Data!AD2:AD15,"U") -> 2 | G17: =COUNTIF(Data!AD2:AD15,"B") -> 11
B18: Colombia – Portugal | C18: =ROUND(AVERAGE(Data!T2:T15),1)&" – "&ROUND(AVERAGE(Data!U2:U15),1) -> 0.7 – 1.9 | D18: =ROUND(AVERAGE(Data!T2:T15),0)&"–"&ROUND(AVERAGE(Data!U2:U15),0) -> 1–2 | E18: =COUNTIF(Data!AE2:AE15,"H") -> 0 | F18: =COUNTIF(Data!AE2:AE15,"U") -> 1 | G18: =COUNTIF(Data!AE2:AE15,"B") -> 13
B20: 🏆 Gruppespørsmålene – hva tror flertallet?
B21: Spørsmål | C21: Folkets svar | D21: Oppslutning
B22: Vinner gruppe A? | C22: {=INDEX(Data!AF2:AF15,MATCH(MAX(COUNTIF(Data!AF2:AF15,Data!AF2:AF15)),COUNTIF(Data!AF2:AF15,Data!AF2:AF15),0))} -> Mexico | D22: {=MAX(COUNTIF(Data!AF2:AF15,Data!AF2:AF15))&" av 14"} -> 10 av 14
B23: Toer gruppe B? | C23: {=INDEX(Data!AG2:AG15,MATCH(MAX(COUNTIF(Data!AG2:AG15,Data!AG2:AG15)),COUNTIF(Data!AG2:AG15,Data!AG2:AG15),0))} -> Canada | D23: {=MAX(COUNTIF(Data!AG2:AG15,Data!AG2:AG15))&" av 14"} -> 6 av 14
B24: Går 3. plass i gruppe C videre? | C24: {=INDEX(Data!AH2:AH15,MATCH(MAX(COUNTIF(Data!AH2:AH15,Data!AH2:AH15)),COUNTIF(Data!AH2:AH15,Data!AH2:AH15),0))} -> Ja | D24: {=MAX(COUNTIF(Data!AH2:AH15,Data!AH2:AH15))&" av 14"} -> 9 av 14
B25: Vinner gruppe D? | C25: {=INDEX(Data!AI2:AI15,MATCH(MAX(COUNTIF(Data!AI2:AI15,Data!AI2:AI15)),COUNTIF(Data!AI2:AI15,Data!AI2:AI15),0))} -> USA | D25: {=MAX(COUNTIF(Data!AI2:AI15,Data!AI2:AI15))&" av 14"} -> 8 av 14
B26: Vinner gruppe F? | C26: {=INDEX(Data!AJ2:AJ15,MATCH(MAX(COUNTIF(Data!AJ2:AJ15,Data!AJ2:AJ15)),COUNTIF(Data!AJ2:AJ15,Data!AJ2:AJ15),0))} -> Nederland | D26: {=MAX(COUNTIF(Data!AJ2:AJ15,Data!AJ2:AJ15))&" av 14"} -> 14 av 14
B27: Vinner gruppe G? | C27: {=INDEX(Data!AK2:AK15,MATCH(MAX(COUNTIF(Data!AK2:AK15,Data!AK2:AK15)),COUNTIF(Data!AK2:AK15,Data!AK2:AK15),0))} -> Belgia | D27: {=MAX(COUNTIF(Data!AK2:AK15,Data!AK2:AK15))&" av 14"} -> 12 av 14
B28: Toer gruppe I? | C28: {=INDEX(Data!AL2:AL15,MATCH(MAX(COUNTIF(Data!AL2:AL15,Data!AL2:AL15)),COUNTIF(Data!AL2:AL15,Data!AL2:AL15),0))} -> Norge | D28: {=MAX(COUNTIF(Data!AL2:AL15,Data!AL2:AL15))&" av 14"} -> 9 av 14
B29: Går 3. plass i gruppe K videre? | C29: {=INDEX(Data!AM2:AM15,MATCH(MAX(COUNTIF(Data!AM2:AM15,Data!AM2:AM15)),COUNTIF(Data!AM2:AM15,Data!AM2:AM15),0))} -> Nei | D29: {=MAX(COUNTIF(Data!AM2:AM15,Data!AM2:AM15))&" av 14"} -> 13 av 14
B31: 🇳🇴 Norge-spørsmålene
B32: Spørsmål | C32: Ja | D32: Nei
B33: Scorer Norge 7+ mål i gruppespillet? | C33: =COUNTIF(Data!AN2:AN15,"Ja") -> 3 | D33: =COUNTIF(Data!AN2:AN15,"Nei") -> 11
B34: Slipper Norge inn 4+ mål i gruppespillet? | C34: =COUNTIF(Data!AO2:AO15,"Ja") -> 10 | D34: =COUNTIF(Data!AO2:AO15,"Nei") -> 4
B35: Møter Norge Brasil i finalespillet? | C35: =COUNTIF(Data!AP2:AP15,"Ja") -> 3 | D35: =COUNTIF(Data!AP2:AP15,"Nei") -> 11
B37: Når lengst i VM – Norge eller England? | C37: =COUNTIF(Data!AQ2:AQ15,"England")&" × England · "&COUNTIF(Data!AQ2:AQ15,"Norge")&" × Norge · "&COUNTIF(Data!AQ2:AQ15,"Like langt")&" × like langt" -> 13 × England · 0 × Norge · 0 × like langt
B38: Norges toppscorer i VM? | C38: =COUNTIF(Data!AR2:AR15,"Haaland")&" × Haaland · "&COUNTIF(Data!AR2:AR15,"Sørloth")&" × Sørloth · "&COUNTIF(Data!AR2:AR15,"En annen")&" × en annen" -> 12 × Haaland · 2 × Sørloth · 0 × en annen
B40: 🎉 Morsomme funn
B41: • Ingen tror på Norge mot England! Alle som svarte mener England når lengst i VM – og Kari turte ikke én gang å velge.
B42: • Haaland-land: 12 av 14 spår Haaland som Norges toppscorer. Kun Knut og Øystein heier på Sørloth.
B43: • Forsvars-pessimisme: 10 tror Norge slipper inn 4+ mål i gruppespillet, men bare 3 tror på 7+ scoringer.
B44: • Tidenes optimist: AI ga Spania hele 6–0 mot Kapp Verde – turneringens villeste enkelttips.
B45: • Målfest vs. bussparking: Ådne tippet flest mål totalt (35) over de 10 kampene, Jardar færrest (17).
B46: • Senegal-skrekk: Bare Vidar tror Norge taper åpningskampen mot Senegal (2–3). Resten ser seier eller uavgjort.
B47: • Full enighet: Alle 14 mener Nederland vinner gruppe F, og alle 14 tror Tyskland slår Ecuador.
B48: • Brasil-drømmen: Kun Haakon, Knut og Øystein tror Norge møter Brasil i finalespillet.
B50: Lykke til alle sammen – nå er det bare å vente i spenning på hvem som krønes til største fotballekspert! ⚽

Sheet Ark1
A8: ='FIFA World cup 2026'!A9 -> Gruppespillet: | B8: Poeng
A9: ='FIFA World cup 2026'!A10 -> (Tipp sluttresultat i kampene. Rett resultat - H/U/B - gir 1 poeng, rett målscore gir 1 poeng)
A10: ='FIFA World cup 2026'!A11 -> Gruppe A: Torsdag 11.06.2026 21:00 Mexico - Sør-Afrika | B10: 2
A11: ='FIFA World cup 2026'!A12 -> Gruppe C: Søndag 14.06.2026 00:00 Brasil - Marokko | B11: 2
A12: ='FIFA World cup 2026'!A13 -> Gruppe H: Mandag 15.06.2026 18:00 Spania - Kapp Verde | B12: 2
A13: ='FIFA World cup 2026'!A14 -> Gruppe J: Tirsdag 17.06.2026 03:00 Argentina - Algerie | B13: 2
A14: ='FIFA World cup 2026'!A15 -> Gruppe L: Onsdag 17.06.2026 22:00 England - Kroatia | B14: 2
A15: ='FIFA World cup 2026'!A16 -> Gruppe F: Lørdag 20.06.2026 19:00 Nederland - Sverige | B15: 2
A16: ='FIFA World cup 2026'!A17 -> Gruppe I: Tirsdag 23.06.2026 02:00 Norge - Senegal | B16: 2
A17: ='FIFA World cup 2026'!A18 -> Gruppe E: Torsdag 25.06.2026 22:00 Ecuador - Tyskland | B17: 2
A18: ='FIFA World cup 2026'!A19 -> Gruppe I: Fredag 26.06.2026 21:00 Norge - Frankrike | B18: 2
A19: ='FIFA World cup 2026'!A20 -> Gruppe K: Lørdag 27.06.2026 02:00 Colombia - Portugal | B19: 2
A21: ='FIFA World cup 2026'!A22 -> (Tipp sluttresultater i gruppene, 2 poeng for hvert rett svar)
A22: ='FIFA World cup 2026'!A23 -> Hvem blir vinner i gruppe A? | B22: 2
A23: ='FIFA World cup 2026'!A24 -> Hvem blir toer i gruppe B? | B23: 2
A24: ='FIFA World cup 2026'!A25 -> Går 3. plass i gruppe C videre? (J/N) | B24: 2
A25: ='FIFA World cup 2026'!A26 -> Hvem blir vinner i gruppe D? | B25: 2
A26: ='FIFA World cup 2026'!A27 -> Hvem blir vinner i gruppe F? | B26: 2
A27: ='FIFA World cup 2026'!A28 -> Hvem blir vinner i gruppe G? | B27: 2
A28: ='FIFA World cup 2026'!A29 -> Hvem blir toer i gruppe I? | B28: 2
A29: ='FIFA World cup 2026'!A30 -> Går 3.plass i gruppe K videre? (J/N) | B29: 2
A31: ='FIFA World cup 2026'!A32 -> Norge:
A32: ='FIFA World cup 2026'!A33 -> (2 poeng for hvert rett svar)
A33: ='FIFA World cup 2026'!A34 -> Kommer Norge til å score 7 mål eller mer i gruppespillet? (J/N) | B33: 2
A34: ='FIFA World cup 2026'!A35 -> Kommer Norge til å slippe inn 4 mål eller mer i gruppespillet? (J/N) | B34: 2
A35: ='FIFA World cup 2026'!A36 -> Kommer Norge til å møte Brasil i finalespillet? (J/N) | B35: 2
A36: ='FIFA World cup 2026'!A37 -> Hvem når lengst i VM av Norge og England? (Kryss av) | B36: 2
A37: ='FIFA World cup 2026'!A38 -> Hvem blir Norges toppscorer? (Kryss av) | B37: 2
A39: ='FIFA World cup 2026'!A40 -> Finalespillet:
A40: ='FIFA World cup 2026'!A41 -> (2 poeng for hvert rett svar)
A41: ='FIFA World cup 2026'!A42 -> Går Sverige videre fra gruppespillet? (J/N) | B41: 2
A42: ='FIFA World cup 2026'!A43 -> Hvor mange europeiske lag går til sekstendedelsfinale? | B42: 2
A43: ='FIFA World cup 2026'!A44 -> Hvilke av vertsnasjonene går videre til åttendedelsfinale? | B43: 2
A44: ='FIFA World cup 2026'!A45 -> Hvilke 8 land går videre til kvartfinaler? Fyll inn
A45: ='FIFA World cup 2026'!A46 -> Lag 1: | B45: 2
A46: ='FIFA World cup 2026'!A47 -> Lag 2: | B46: 2
A47: ='FIFA World cup 2026'!A48 -> Lag 3: | B47: 2
A48: ='FIFA World cup 2026'!A49 -> Lag 4: | B48: 2
A49: ='FIFA World cup 2026'!A50 -> Lag 5: | B49: 2
A50: ='FIFA World cup 2026'!A51 -> Lag 6: | B50: 2
A51: ='FIFA World cup 2026'!A52 -> Lag 7: | B51: 2
A52: ='FIFA World cup 2026'!A53 -> Lag 8: | B52: 2
A55: ='FIFA World cup 2026'!A55 -> Finalen:
A56: ='FIFA World cup 2026'!A56 -> Hvilke 2 lag møtes i finalen? (4 poeng) | B56: 4
A57: ='FIFA World cup 2026'!A57 -> (2 poeng for ene laget rett)
A58: ='FIFA World cup 2026'!A58 -> Hva er målscore etter 90 min i finalen? (3 poeng) | B58: 3
A59: ='FIFA World cup 2026'!A59 -> Hvem blir verdensmester? (5 poeng) | B59: 5
A60: ='FIFA World cup 2026'!A60 -> Fra hvilket land kommer VMs toppscorer? (3 poeng) | B60: 3
B61: =SUM(B10:B60) -> 83

Sheet Ahilan
A1: "Av alle uviktige ting i verden er fotball den aller viktigste" (pave Johannes Paul II)
A2: Gruppene:
A3: A: | B3: B: | C3: C: | E3: D: | F3: E: | K3: F: | N3: G: | S3: H: | Y3: I: | AC3: J: | AG3: K: | AK3: L:
A4: Mexico | B4: Canada | C4: Brasil | E4: USA | F4: Tyskland | K4: Nederland | N4: Belgia | S4: Spania | Y4: Frankrike | AC4: Argentina | AG4: Portugal | AK4: England
A5: Sør-Afrika | B5: Qatar | C5: Marokko | E5: Tyrkia | F5: Elfenbenskysten | K5: Japan | N5: Iran | S5: Saudi-Arabia | Y5: Norge | AC5: Østerrike | AG5: Usbekistan | AK5: Kroatia
A6: Sør-Korea | B6: Bosnia-Herceg. | C6: Haiti | E6: Australia | F6: Ecuador | K6: Sverige | N6: Egypt | S6: Uruguay | Y6: Irak | AC6: Jordan | AG6: Colombia | AK6: Panama
A7: Tsjekkia | B7: Sveits | C7: Skottland | E7: Paraguay | F7: Curacao | K7: Tunisia | N7: New Zealand | S7: Kapp Verde | Y7: Senegal | AC7: Algerie | AG7: DR Kongo | AK7: Ghana
A9: Gruppespillet:
A10: (Tipp sluttresultat i kampene. Rett resultat - H/U/B - gir 1 poeng, rett målscore gir 1 poeng)
A11: Gruppe A: Torsdag 11.06.2026 21:00 Mexico - Sør-Afrika | F11: 2 | G11: - | H11: 0
A12: Gruppe C: Søndag 14.06.2026 00:00 Brasil - Marokko | F12: 1 | G12: - | H12: 0
A13: Gruppe H: Mandag 15.06.2026 18:00 Spania - Kapp Verde | F13: 3 | G13: - | H13: 0
A14: Gruppe J: Tirsdag 17.06.2026 03:00 Argentina - Algerie | F14: 2 | G14: - | H14: 1
A15: Gruppe L: Onsdag 17.06.2026 22:00 England - Kroatia | F15: 0 | G15: - | H15: 0
A16: Gruppe F: Lørdag 20.06.2026 19:00 Nederland - Sverige | F16: 2 | G16: - | H16: 1
A17: Gruppe I: Tirsdag 23.06.2026 02:00 Norge - Senegal | F17: 0 | G17: - | H17: 0
A18: Gruppe E: Torsdag 25.06.2026 22:00 Ecuador - Tyskland | F18: 0 | G18: - | H18: 1
A19: Gruppe I: Fredag 26.06.2026 21:00 Norge - Frankrike | F19: 0 | G19: - | H19: 1
A20: Gruppe K: Lørdag 27.06.2026 02:00 Colombia - Portugal | F20: 2 | G20: - | H20: 3
A22: (Tipp sluttresultater i gruppene, 2 poeng for hvert rett svar)
A23: Hvem blir vinner i gruppe A? | C23: Tsjekkia
A24: Hvem blir toer i gruppe B? | C24: Sveits
A25: Går 3. plass i gruppe C videre? (J/N) | C25: N
A26: Hvem blir vinner i gruppe D? | C26: Tyrkia
A27: Hvem blir vinner i gruppe F? | C27: Nederland
A28: Hvem blir vinner i gruppe G? | C28: Belgia
A29: Hvem blir toer i gruppe I? | C29: Senegal
A30: Går 3.plass i gruppe K videre? (J/N) | C30: N
A32: Norge:
A33: (2 poeng for hvert rett svar)
A34: Kommer Norge til å score 7 mål eller mer i gruppespillet? (J/N) | F34: N
A35: Kommer Norge til å slippe inn 4 mål eller mer i gruppespillet? (J/N) | F35: N
A36: Kommer Norge til å møte Brasil i finalespillet? (J/N) | F36: N
A37: Hvem når lengst i VM av Norge og England? (Kryss av) | I37: Norge: | K37: England: | L37: X | M37: Like langt:
A38: Hvem blir Norges toppscorer? (Kryss av) | I38: Haaland: | J38: X | K38: Sørloth: | M38: En annen:
A40: Finalespillet:
A41: (2 poeng for hvert rett svar)
A42: Går Sverige videre fra gruppespillet? (J/N) | F42: N
A43: Hvor mange europeiske lag går til sekstendedelsfinale? | F43: 8
A44: Hvilke av vertsnasjonene går videre til åttendedelsfinale? | F44: Mexico
A45: Hvilke 8 land går videre til kvartfinaler? Fyll inn
A46: Lag 1: | D46: Spania
A47: Lag 2: | D47: Frankrike
A48: Lag 3: | D48: Portugal
A49: Lag 4: | D49: Brasil
A50: Lag 5: | D50: Argentina
A51: Lag 6: | D51: Tyskland
A52: Lag 7: | D52: Marokka
A53: Lag 8: | D53: Senegal
A55: Finalen:
A56: Hvilke 2 lag møtes i finalen? (4 poeng) | F56: Frankrike | J56: Spania
A57: (2 poeng for ene laget rett)
A58: Hva er målscore etter 90 min i finalen? (3 poeng) | F58: 0 | G58: - | H58: 0
A59: Hvem blir verdensmester? (5 poeng) | F59: Spania
A60: Fra hvilket land kommer VMs toppscorer? (3 poeng) | F60: Portugal

Sheet Haakon
A1: "Av alle uviktige ting i verden er fotball den aller viktigste" (pave Johannes Paul II)
A2: Gruppene:
A3: A: | B3: B: | C3: C: | E3: D: | F3: E: | K3: F: | N3: G: | S3: H: | Y3: I: | AC3: J: | AG3: K: | AK3: L:
A4: Mexico | B4: Canada | C4: Brasil | E4: USA | F4: Tyskland | K4: Nederland | N4: Belgia | S4: Spania | Y4: Frankrike | AC4: Argentina | AG4: Portugal | AK4: England
A5: Sør-Afrika | B5: Qatar | C5: Marokko | E5: Tyrkia | F5: Elfenbenskysten | K5: Japan | N5: Iran | S5: Saudi-Arabia | Y5: Norge | AC5: Østerrike | AG5: Usbekistan | AK5: Kroatia
A6: Sør-Korea | B6: Bosnia-Herceg. | C6: Haiti | E6: Australia | F6: Ecuador | K6: Sverige | N6: Egypt | S6: Uruguay | Y6: Irak | AC6: Jordan | AG6: Colombia | AK6: Panama
A7: Tsjekkia | B7: Sveits | C7: Skottland | E7: Paraguay | F7: Curacao | K7: Tunisia | N7: New Zealand | S7: Kapp Verde | Y7: Senegal | AC7: Algerie | AG7: DR Kongo | AK7: Ghana
A9: Gruppespillet:
A10: (Tipp sluttresultat i kampene. Rett resultat - H/U/B - gir 1 poeng, rett målscore gir 1 poeng)
A11: Gruppe A: Torsdag 11.06.2026 21:00 Mexico - Sør-Afrika | F11: 3 | G11: - | H11: 0
A12: Gruppe C: Søndag 14.06.2026 00:00 Brasil - Marokko | F12: 3 | G12: - | H12: 2
A13: Gruppe H: Mandag 15.06.2026 18:00 Spania - Kapp Verde | F13: 4 | G13: - | H13: 0
A14: Gruppe J: Tirsdag 17.06.2026 03:00 Argentina - Algerie | F14: 3 | G14: - | H14: 1
A15: Gruppe L: Onsdag 17.06.2026 22:00 England - Kroatia | F15: 3 | G15: - | H15: 0
A16: Gruppe F: Lørdag 20.06.2026 19:00 Nederland - Sverige | F16: 2 | G16: - | H16: 0
A17: Gruppe I: Tirsdag 23.06.2026 02:00 Norge - Senegal | F17: 2 | G17: - | H17: 1
A18: Gruppe E: Torsdag 25.06.2026 22:00 Ecuador - Tyskland | F18: 1 | G18: - | H18: 2
A19: Gruppe I: Fredag 26.06.2026 21:00 Norge - Frankrike | F19: 2 | G19: - | H19: 2
A20: Gruppe K: Lørdag 27.06.2026 02:00 Colombia - Portugal | F20: 1 | G20: - | H20: 2
A22: (Tipp sluttresultater i gruppene, 2 poeng for hvert rett svar)
A23: Hvem blir vinner i gruppe A? | C23: Mexico
A24: Hvem blir toer i gruppe B? | C24: Sveits
A25: Går 3. plass i gruppe C videre? (J/N) | C25: J
A26: Hvem blir vinner i gruppe D? | C26: USA
A27: Hvem blir vinner i gruppe F? | C27: Nederland
A28: Hvem blir vinner i gruppe G? | C28: Belgia
A29: Hvem blir toer i gruppe I? | C29: Norge
A30: Går 3.plass i gruppe K videre? (J/N) | C30: N
A32: Norge:
A33: (2 poeng for hvert rett svar)
A34: Kommer Norge til å score 7 mål eller mer i gruppespillet? (J/N) | F34: J
A35: Kommer Norge til å slippe inn 4 mål eller mer i gruppespillet? (J/N) | F35: J
A36: Kommer Norge til å møte Brasil i finalespillet? (J/N) | F36: J
A37: Hvem når lengst i VM av Norge og England? (Kryss av) | I37: Norge: | K37: England: | L37: X | M37: Like langt:
A38: Hvem blir Norges toppscorer? (Kryss av) | I38: Haaland: | J38: X | K38: Sørloth: | M38: En annen:
A40: Finalespillet:
A41: (2 poeng for hvert rett svar)
A42: Går Sverige videre fra gruppespillet? (J/N) | F42: J
A43: Hvor mange europeiske lag går til sekstendedelsfinale? | F43: 9
A44: Hvilke av vertsnasjonene går videre til åttendedelsfinale? | F44: Ingen
A45: Hvilke 8 land går videre til kvartfinaler? Fyll inn
A46: Lag 1: | D46: Tyskland
A47: Lag 2: | D47: Norge
A48: Lag 3: | D48: Spania
A49: Lag 4: | D49: Frankrike
A50: Lag 5: | D50: England
A51: Lag 6: | D51: Argentina
A52: Lag 7: | D52: Marokko
A53: Lag 8: | D53: Portugal
A55: Finalen:
A56: Hvilke 2 lag møtes i finalen? (4 poeng) | F56: Spania | J56: Argentina
A57: (2 poeng for ene laget rett)
A58: Hva er målscore etter 90 min i finalen? (3 poeng) | F58: 2 | G58: - | H58: 1
A59: Hvem blir verdensmester? (5 poeng) | F59: Spania
A60: Fra hvilket land kommer VMs toppscorer? (3 poeng) | F60: Spania

Sheet AI
A1: "Av alle uviktige ting i verden er fotball den aller viktigste" (pave Johannes Paul II)
A2: Gruppene:
A3: A: | B3: B: | C3: C: | E3: D: | F3: E: | K3: F: | N3: G: | S3: H: | Y3: I: | AC3: J: | AG3: K: | AK3: L:
A4: Mexico | B4: Canada | C4: Brasil | E4: USA | F4: Tyskland | K4: Nederland | N4: Belgia | S4: Spania | Y4: Frankrike | AC4: Argentina | AG4: Portugal | AK4: England
A5: Sør-Afrika | B5: Qatar | C5: Marokko | E5: Tyrkia | F5: Elfenbenskysten | K5: Japan | N5: Iran | S5: Saudi-Arabia | Y5: Norge | AC5: Østerrike | AG5: Usbekistan | AK5: Kroatia
A6: Sør-Korea | B6: Bosnia-Herceg. | C6: Haiti | E6: Australia | F6: Ecuador | K6: Sverige | N6: Egypt | S6: Uruguay | Y6: Irak | AC6: Jordan | AG6: Colombia | AK6: Panama
A7: Tsjekkia | B7: Sveits | C7: Skottland | E7: Paraguay | F7: Curacao | K7: Tunisia | N7: New Zealand | S7: Kapp Verde | Y7: Senegal | AC7: Algerie | AG7: DR Kongo | AK7: Ghana
A9: Gruppespillet:
A10: (Tipp sluttresultat i kampene. Rett resultat - H/U/B - gir 1 poeng, rett målscore gir 1 poeng)
A11: Gruppe A: Torsdag 11.06.2026 21:00 Mexico - Sør-Afrika | F11: 2 | G11: - | H11: 1
A12: Gruppe C: Søndag 14.06.2026 00:00 Brasil - Marokko | F12: 3 | G12: - | H12: 1
A13: Gruppe H: Mandag 15.06.2026 18:00 Spania - Kapp Verde | F13: 6 | G13: - | H13: 0
A14: Gruppe J: Tirsdag 17.06.2026 03:00 Argentina - Algerie | F14: 3 | G14: - | H14: 0
A15: Gruppe L: Onsdag 17.06.2026 22:00 England - Kroatia | F15: 2 | G15: - | H15: 2
A16: Gruppe F: Lørdag 20.06.2026 19:00 Nederland - Sverige | F16: 2 | G16: - | H16: 1
A17: Gruppe I: Tirsdag 23.06.2026 02:00 Norge - Senegal | F17: 1 | G17: - | H17: 0
A18: Gruppe E: Torsdag 25.06.2026 22:00 Ecuador - Tyskland | F18: 1 | G18: - | H18: 2
A19: Gruppe I: Fredag 26.06.2026 21:00 Norge - Frankrike | F19: 2 | G19: - | H19: 2
A20: Gruppe K: Lørdag 27.06.2026 02:00 Colombia - Portugal | F20: 1 | G20: - | H20: 2
A22: (Tipp sluttresultater i gruppene, 2 poeng for hvert rett svar)
A23: Hvem blir vinner i gruppe A? | C23: Mexico
A24: Hvem blir toer i gruppe B? | C24: Sveits
A25: Går 3. plass i gruppe C videre? (J/N) | C25: J
A26: Hvem blir vinner i gruppe D? | C26: USA
A27: Hvem blir vinner i gruppe F? | C27: Nederland
A28: Hvem blir vinner i gruppe G? | C28: Belgia
A29: Hvem blir toer i gruppe I? | C29: Norge
A30: Går 3.plass i gruppe K videre? (J/N) | C30: N
A32: Norge:
A33: (2 poeng for hvert rett svar)
A34: Kommer Norge til å score 7 mål eller mer i gruppespillet? (J/N) | F34: J
A35: Kommer Norge til å slippe inn 4 mål eller mer i gruppespillet? (J/N) | F35: J
A36: Kommer Norge til å møte Brasil i finalespillet? (J/N) | F36: N
A37: Hvem når lengst i VM av Norge og England? (Kryss av) | I37: Norge: | K37: England: | L37: X | M37: Like langt:
A38: Hvem blir Norges toppscorer? (Kryss av) | I38: Haaland: | J38: X | K38: Sørloth: | M38: En annen:
A40: Finalespillet:
A41: (2 poeng for hvert rett svar)
A42: Går Sverige videre fra gruppespillet? (J/N) | F42: J
A43: Hvor mange europeiske lag går til sekstendedelsfinale? | F43: 15
A44: Hvilke av vertsnasjonene går videre til åttendedelsfinale? | F44: USA
A45: Hvilke 8 land går videre til kvartfinaler? Fyll inn
A46: Lag 1: | D46: Argentina
A47: Lag 2: | D47: Brasil
A48: Lag 3: | D48: Frankrike
A49: Lag 4: | D49: England
A50: Lag 5: | D50: Spania
A51: Lag 6: | D51: Portugal
A52: Lag 7: | D52: Tyskland
A53: Lag 8: | D53: Nederland
A55: Finalen:
A56: Hvilke 2 lag møtes i finalen? (4 poeng) | F56: Frankrike | J56: Brasil
A57: (2 poeng for ene laget rett)
A58: Hva er målscore etter 90 min i finalen? (3 poeng) | F58: 2 | G58: - | H58: 1
A59: Hvem blir verdensmester? (5 poeng) | F59: Frankrike
A60: Fra hvilket land kommer VMs toppscorer? (3 poeng) | F60: England

Sheet Jardar
A1: "Av alle uviktige ting i verden er fotball den aller viktigste" (pave Johannes Paul II)
A2: Gruppene:
A3: A: | B3: B: | C3: C: | E3: D: | F3: E: | K3: F: | N3: G: | S3: H: | Y3: I: | AC3: J: | AG3: K: | AK3: L:
A4: Mexico | B4: Canada | C4: Brasil | E4: USA | F4: Tyskland | K4: Nederland | N4: Belgia | S4: Spania | Y4: Frankrike | AC4: Argentina | AG4: Portugal | AK4: England
A5: Sør-Afrika | B5: Qatar | C5: Marokko | E5: Tyrkia | F5: Elfenbenskysten | K5: Japan | N5: Iran | S5: Saudi-Arabia | Y5: Norge | AC5: Østerrike | AG5: Usbekistan | AK5: Kroatia
A6: Sør-Korea | B6: Bosnia-Herceg. | C6: Haiti | E6: Australia | F6: Ecuador | K6: Sverige | N6: Egypt | S6: Uruguay | Y6: Irak | AC6: Jordan | AG6: Colombia | AK6: Panama
A7: Tsjekkia | B7: Sveits | C7: Skottland | E7: Paraguay | F7: Curacao | K7: Tunisia | N7: New Zealand | S7: Kapp Verde | Y7: Senegal | AC7: Algerie | AG7: DR Kongo | AK7: Ghana
A9: Gruppespillet:
A10: (Tipp sluttresultat i kampene. Rett resultat - H/U/B - gir 1 poeng, rett målscore gir 1 poeng)
A11: Gruppe A: Torsdag 11.06.2026 21:00 Mexico - Sør-Afrika | F11: 2 | G11: - | H11: 0
A12: Gruppe C: Søndag 14.06.2026 00:00 Brasil - Marokko | F12: 0 | G12: - | H12: 0
A13: Gruppe H: Mandag 15.06.2026 18:00 Spania - Kapp Verde | F13: 3 | G13: - | H13: 0
A14: Gruppe J: Tirsdag 17.06.2026 03:00 Argentina - Algerie | F14: 1 | G14: - | H14: 0
A15: Gruppe L: Onsdag 17.06.2026 22:00 England - Kroatia | F15: 1 | G15: - | H15: 1
A16: Gruppe F: Lørdag 20.06.2026 19:00 Nederland - Sverige | F16: 2 | G16: - | H16: 0
A17: Gruppe I: Tirsdag 23.06.2026 02:00 Norge - Senegal | F17: 1 | G17: - | H17: 0
A18: Gruppe E: Torsdag 25.06.2026 22:00 Ecuador - Tyskland | F18: 0 | G18: - | H18: 2
A19: Gruppe I: Fredag 26.06.2026 21:00 Norge - Frankrike | F19: 2 | G19: - | H19: 1
A20: Gruppe K: Lørdag 27.06.2026 02:00 Colombia - Portugal | F20: 0 | G20: - | H20: 1
A22: (Tipp sluttresultater i gruppene, 2 poeng for hvert rett svar)
A23: Hvem blir vinner i gruppe A? | C23: Mexico
A24: Hvem blir toer i gruppe B? | C24: Bosnia
A25: Går 3. plass i gruppe C videre? (J/N) | C25: J
A26: Hvem blir vinner i gruppe D? | C26: Paraguay
A27: Hvem blir vinner i gruppe F? | C27: Nederland
A28: Hvem blir vinner i gruppe G? | C28: Belgia
A29: Hvem blir toer i gruppe I? | C29: Senegal
A30: Går 3.plass i gruppe K videre? (J/N) | C30: J
A32: Norge:
A33: (2 poeng for hvert rett svar)
A34: Kommer Norge til å score 7 mål eller mer i gruppespillet? (J/N) | F34: N
A35: Kommer Norge til å slippe inn 4 mål eller mer i gruppespillet? (J/N) | F35: N
A36: Kommer Norge til å møte Brasil i finalespillet? (J/N) | F36: N
A37: Hvem når lengst i VM av Norge og England? (Kryss av) | I37: Norge: | K37: England: | L37: X | M37: Like langt:
A38: Hvem blir Norges toppscorer? (Kryss av) | I38: Haaland: | J38: X | K38: Sørloth: | M38: En annen:
A40: Finalespillet:
A41: (2 poeng for hvert rett svar)
A42: Går Sverige videre fra gruppespillet? (J/N) | F42: N
A43: Hvor mange europeiske lag går til sekstendedelsfinale? | F43: 16
A44: Hvilke av vertsnasjonene går videre til åttendedelsfinale? | F44: Mexico
A45: Hvilke 8 land går videre til kvartfinaler? Fyll inn
A46: Lag 1: | D46: Spania
A47: Lag 2: | D47: Frankrike
A48: Lag 3: | D48: Argentina
A49: Lag 4: | D49: England
A50: Lag 5: | D50: Brasil
A51: Lag 6: | D51: Tyskland
A52: Lag 7: | D52: Marokko
A53: Lag 8: | D53: Norge
A55: Finalen:
A56: Hvilke 2 lag møtes i finalen? (4 poeng) | F56: Spania | J56: England
A57: (2 poeng for ene laget rett)
A58: Hva er målscore etter 90 min i finalen? (3 poeng) | F58: 1 | G58: - | H58: 1
A59: Hvem blir verdensmester? (5 poeng) | F59: England
A60: Fra hvilket land kommer VMs toppscorer? (3 poeng) | F60: Norge

Sheet Kari
A1: "Av alle uviktige ting i verden er fotball den aller viktigste" (pave Johannes Paul II)
A2: Gruppene:
A3: A: | B3: B: | C3: C: | E3: D: | F3: E: | K3: F: | N3: G: | S3: H: | Y3: I: | AC3: J: | AG3: K: | AK3: L:
A4: Mexico | B4: Canada | C4: Brasil | E4: USA | F4: Tyskland | K4: Nederland | N4: Belgia | S4: Spania | Y4: Frankrike | AC4: Argentina | AG4: Portugal | AK4: England
A5: Sør-Afrika | B5: Qatar | C5: Marokko | E5: Tyrkia | F5: Elfenbenskysten | K5: Japan | N5: Iran | S5: Saudi-Arabia | Y5: Norge | AC5: Østerrike | AG5: Usbekistan | AK5: Kroatia
A6: Sør-Korea | B6: Bosnia-Herceg. | C6: Haiti | E6: Australia | F6: Ecuador | K6: Sverige | N6: Egypt | S6: Uruguay | Y6: Irak | AC6: Jordan | AG6: Colombia | AK6: Panama
A7: Tsjekkia | B7: Sveits | C7: Skottland | E7: Paraguay | F7: Curacao | K7: Tunisia | N7: New Zealand | S7: Kapp Verde | Y7: Senegal | AC7: Algerie | AG7: DR Kongo | AK7: Ghana
A9: Gruppespillet:
A10: (Tipp sluttresultat i kampene. Rett resultat - H/U/B - gir 1 poeng, rett målscore gir 1 poeng)
A11: Gruppe A: Torsdag 11.06.2026 21:00 Mexico - Sør-Afrika | F11: 2 | G11: - | H11: 1
A12: Gruppe C: Søndag 14.06.2026 00:00 Brasil - Marokko | F12: 1 | G12: - | H12: 1
A13: Gruppe H: Mandag 15.06.2026 18:00 Spania - Kapp Verde | F13: 3 | G13: - | H13: 0
A14: Gruppe J: Tirsdag 17.06.2026 03:00 Argentina - Algerie | F14: 2 | G14: - | H14: 1
A15: Gruppe L: Onsdag 17.06.2026 22:00 England - Kroatia | F15: 1 | G15: - | H15: 1
A16: Gruppe F: Lørdag 20.06.2026 19:00 Nederland - Sverige | F16: 2 | G16: - | H16: 0
A17: Gruppe I: Tirsdag 23.06.2026 02:00 Norge - Senegal | F17: 1 | G17: - | H17: 1
A18: Gruppe E: Torsdag 25.06.2026 22:00 Ecuador - Tyskland | F18: 0 | G18: - | H18: 1
A19: Gruppe I: Fredag 26.06.2026 21:00 Norge - Frankrike | F19: 1 | G19: - | H19: 3
A20: Gruppe K: Lørdag 27.06.2026 02:00 Colombia - Portugal | F20: 0 | G20: - | H20: 2
A22: (Tipp sluttresultater i gruppene, 2 poeng for hvert rett svar)
A23: Hvem blir vinner i gruppe A? | C23: Mexico
A24: Hvem blir toer i gruppe B? | C24: Sveits
A25: Går 3. plass i gruppe C videre? (J/N) | C25: J
A26: Hvem blir vinner i gruppe D? | C26: Tyrkia
A27: Hvem blir vinner i gruppe F? | C27: Nederland
A28: Hvem blir vinner i gruppe G? | C28: Belgia
A29: Hvem blir toer i gruppe I? | C29: Norge
A30: Går 3.plass i gruppe K videre? (J/N) | C30: N
A32: Norge:
A33: (2 poeng for hvert rett svar)
A34: Kommer Norge til å score 7 mål eller mer i gruppespillet? (J/N) | F34: N
A35: Kommer Norge til å slippe inn 4 mål eller mer i gruppespillet? (J/N) | F35: J
A36: Kommer Norge til å møte Brasil i finalespillet? (J/N) | F36: N
A37: Hvem når lengst i VM av Norge og England? (Kryss av) | I37: Norge: | K37: England: | M37: Like langt: | R37: X
A38: Hvem blir Norges toppscorer? (Kryss av) | I38: Haaland: | J38: X | K38: Sørloth: | M38: En annen:
A40: Finalespillet:
A41: (2 poeng for hvert rett svar)
A42: Går Sverige videre fra gruppespillet? (J/N) | F42: N
A43: Hvor mange europeiske lag går til sekstendedelsfinale? | F43: 13
A44: Hvilke av vertsnasjonene går videre til åttendedelsfinale? | F44: Mexico
A45: Hvilke 8 land går videre til kvartfinaler? Fyll inn
A46: Lag 1: | D46: Spania
A47: Lag 2: | D47: Portugal
A48: Lag 3: | D48: Frankrike
A49: Lag 4: | D49: Nederland
A50: Lag 5: | D50: Kroatia
A51: Lag 6: | D51: Senegal
A52: Lag 7: | D52: Tyskland
A53: Lag 8: | D53: Argentina
A55: Finalen:
A56: Hvilke 2 lag møtes i finalen? (4 poeng) | F56: Spania | J56: Frankrike
A57: (2 poeng for ene laget rett)
A58: Hva er målscore etter 90 min i finalen? (3 poeng) | F58: 1 | G58: - | H58: 1
A59: Hvem blir verdensmester? (5 poeng) | F59: Frankrike
A60: Fra hvilket land kommer VMs toppscorer? (3 poeng) | F60: Frankrike

Sheet Knut
A1: "Av alle uviktige ting i verden er fotball den aller viktigste" (pave Johannes Paul II)
A2: Gruppene:
A3: A: | B3: B: | C3: C: | E3: D: | F3: E: | K3: F: | N3: G: | S3: H: | Y3: I: | AC3: J: | AG3: K: | AK3: L:
A4: Mexico | B4: Canada | C4: Brasil | E4: USA | F4: Tyskland | K4: Nederland | N4: Belgia | S4: Spania | Y4: Frankrike | AC4: Argentina | AG4: Portugal | AK4: England
A5: Sør-Afrika | B5: Qatar | C5: Marokko | E5: Tyrkia | F5: Elfenbenskysten | K5: Japan | N5: Iran | S5: Saudi-Arabia | Y5: Norge | AC5: Østerrike | AG5: Usbekistan | AK5: Kroatia
A6: Sør-Korea | B6: Bosnia-Herceg. | C6: Haiti | E6: Australia | F6: Ecuador | K6: Sverige | N6: Egypt | S6: Uruguay | Y6: Irak | AC6: Jordan | AG6: Colombia | AK6: Panama
A7: Tsjekkia | B7: Sveits | C7: Skottland | E7: Paraguay | F7: Curacao | K7: Tunisia | N7: New Zealand | S7: Kapp Verde | Y7: Senegal | AC7: Algerie | AG7: DR Kongo | AK7: Ghana
A9: Gruppespillet:
A10: (Tipp sluttresultat i kampene. Rett resultat - H/U/B - gir 1 poeng, rett målscore gir 1 poeng)
A11: Gruppe A: Torsdag 11.06.2026 21:00 Mexico - Sør-Afrika | F11: 1 | G11: - | H11: 0
A12: Gruppe C: Søndag 14.06.2026 00:00 Brasil - Marokko | F12: 2 | G12: - | H12: 1
A13: Gruppe H: Mandag 15.06.2026 18:00 Spania - Kapp Verde | F13: 1 | G13: - | H13: 1
A14: Gruppe J: Tirsdag 17.06.2026 03:00 Argentina - Algerie | F14: 0 | G14: - | H14: 1
A15: Gruppe L: Onsdag 17.06.2026 22:00 England - Kroatia | F15: 3 | G15: - | H15: 0
A16: Gruppe F: Lørdag 20.06.2026 19:00 Nederland - Sverige | F16: 2 | G16: - | H16: 1
A17: Gruppe I: Tirsdag 23.06.2026 02:00 Norge - Senegal | F17: 2 | G17: - | H17: 2
A18: Gruppe E: Torsdag 25.06.2026 22:00 Ecuador - Tyskland | F18: 0 | G18: - | H18: 1
A19: Gruppe I: Fredag 26.06.2026 21:00 Norge - Frankrike | F19: 1 | G19: - | H19: 3
A20: Gruppe K: Lørdag 27.06.2026 02:00 Colombia - Portugal | F20: 0 | G20: - | H20: 0
A22: (Tipp sluttresultater i gruppene, 2 poeng for hvert rett svar)
A23: Hvem blir vinner i gruppe A? | C23: Sør-Korea
A24: Hvem blir toer i gruppe B? | C24: Canada
A25: Går 3. plass i gruppe C videre? (J/N) | C25: J
A26: Hvem blir vinner i gruppe D? | C26: Tyrkia
A27: Hvem blir vinner i gruppe F? | C27: Nederland
A28: Hvem blir vinner i gruppe G? | C28: Belgia
A29: Hvem blir toer i gruppe I? | C29: Norge
A30: Går 3.plass i gruppe K videre? (J/N) | C30: N
A32: Norge:
A33: (2 poeng for hvert rett svar)
A34: Kommer Norge til å score 7 mål eller mer i gruppespillet? (J/N) | F34: N
A35: Kommer Norge til å slippe inn 4 mål eller mer i gruppespillet? (J/N) | F35: J
A36: Kommer Norge til å møte Brasil i finalespillet? (J/N) | F36: J
A37: Hvem når lengst i VM av Norge og England? (Kryss av) | I37: Norge: | K37: England: | L37: x | M37: Like langt:
A38: Hvem blir Norges toppscorer? (Kryss av) | I38: Haaland: | K38: Sørloth: | L38: x | M38: En annen:
A40: Finalespillet:
A41: (2 poeng for hvert rett svar)
A42: Går Sverige videre fra gruppespillet? (J/N) | F42: N
A43: Hvor mange europeiske lag går til sekstendedelsfinale? | F43: 14
A44: Hvilke av vertsnasjonene går videre til åttendedelsfinale? | F44: Mexico, USA
A45: Hvilke 8 land går videre til kvartfinaler? Fyll inn
A46: Lag 1: | D46: Brasil
A47: Lag 2: | D47: England
A48: Lag 3: | D48: Tyskland
A49: Lag 4: | D49: Mexico
A50: Lag 5: | D50: Spania
A51: Lag 6: | D51: Nederland
A52: Lag 7: | D52: Marokko
A53: Lag 8: | D53: Portugal
A55: Finalen:
A56: Hvilke 2 lag møtes i finalen? (4 poeng) | F56: Spania | J56: England
A57: (2 poeng for ene laget rett)
A58: Hva er målscore etter 90 min i finalen? (3 poeng) | F58: 2 | G58: - | H58: 1
A59: Hvem blir verdensmester? (5 poeng) | F59: Spania
A60: Fra hvilket land kommer VMs toppscorer? (3 poeng) | F60: Brasil

Sheet Leif Anders
A1: "Av alle uviktige ting i verden er fotball den aller viktigste" (pave Johannes Paul II)
A2: Gruppene:
A3: A: | B3: B: | C3: C: | E3: D: | F3: E: | K3: F: | N3: G: | S3: H: | Y3: I: | AC3: J: | AG3: K: | AK3: L:
A4: Mexico | B4: Canada | C4: Brasil | E4: USA | F4: Tyskland | K4: Nederland | N4: Belgia | S4: Spania | Y4: Frankrike | AC4: Argentina | AG4: Portugal | AK4: England
A5: Sør-Afrika | B5: Qatar | C5: Marokko | E5: Tyrkia | F5: Elfenbenskysten | K5: Japan | N5: Iran | S5: Saudi-Arabia | Y5: Norge | AC5: Østerrike | AG5: Usbekistan | AK5: Kroatia
A6: Sør-Korea | B6: Bosnia-Herceg. | C6: Haiti | E6: Australia | F6: Ecuador | K6: Sverige | N6: Egypt | S6: Uruguay | Y6: Irak | AC6: Jordan | AG6: Colombia | AK6: Panama
A7: Tsjekkia | B7: Sveits | C7: Skottland | E7: Paraguay | F7: Curacao | K7: Tunisia | N7: New Zealand | S7: Kapp Verde | Y7: Senegal | AC7: Algerie | AG7: DR Kongo | AK7: Ghana
A9: Gruppespillet:
A10: (Tipp sluttresultat i kampene. Rett resultat - H/U/B - gir 1 poeng, rett målscore gir 1 poeng)
A11: Gruppe A: Torsdag 11.06.2026 21:00 Mexico - Sør-Afrika | F11: 2 | G11: - | H11: 0
A12: Gruppe C: Søndag 14.06.2026 00:00 Brasil - Marokko | F12: 2 | G12: - | H12: 1
A13: Gruppe H: Mandag 15.06.2026 18:00 Spania - Kapp Verde | F13: 4 | G13: - | H13: 0
A14: Gruppe J: Tirsdag 17.06.2026 03:00 Argentina - Algerie | F14: 3 | G14: - | H14: 1
A15: Gruppe L: Onsdag 17.06.2026 22:00 England - Kroatia | F15: 1 | G15: - | H15: 0
A16: Gruppe F: Lørdag 20.06.2026 19:00 Nederland - Sverige | F16: 2 | G16: - | H16: 1
A17: Gruppe I: Tirsdag 23.06.2026 02:00 Norge - Senegal | F17: 1 | G17: - | H17: 1
A18: Gruppe E: Torsdag 25.06.2026 22:00 Ecuador - Tyskland | F18: 0 | G18: - | H18: 1
A19: Gruppe I: Fredag 26.06.2026 21:00 Norge - Frankrike | F19: 1 | G19: - | H19: 3
A20: Gruppe K: Lørdag 27.06.2026 02:00 Colombia - Portugal | F20: 0 | G20: - | H20: 1
A22: (Tipp sluttresultater i gruppene, 2 poeng for hvert rett svar)
A23: Hvem blir vinner i gruppe A? | C23: Mexico
A24: Hvem blir toer i gruppe B? | C24: Canada
A25: Går 3. plass i gruppe C videre? (J/N) | C25: Ja
A26: Hvem blir vinner i gruppe D? | C26: USA
A27: Hvem blir vinner i gruppe F? | C27: Nederland
A28: Hvem blir vinner i gruppe G? | C28: Belgia
A29: Hvem blir toer i gruppe I? | C29: Norge
A30: Går 3.plass i gruppe K videre? (J/N) | C30: Nei
A32: Norge:
A33: (2 poeng for hvert rett svar)
A34: Kommer Norge til å score 7 mål eller mer i gruppespillet? (J/N) | F34: N
A35: Kommer Norge til å slippe inn 4 mål eller mer i gruppespillet? (J/N) | F35: N
A36: Kommer Norge til å møte Brasil i finalespillet? (J/N) | F36: N
A37: Hvem når lengst i VM av Norge og England? (Kryss av) | I37: Norge: | K37: England: | L37: X | M37: Like langt:
A38: Hvem blir Norges toppscorer? (Kryss av) | I38: Haaland: | J38: X | K38: Sørloth: | M38: En annen:
A40: Finalespillet:
A41: (2 poeng for hvert rett svar)
A42: Går Sverige videre fra gruppespillet? (J/N) | F42: J
A43: Hvor mange europeiske lag går til sekstendedelsfinale? | F43: 13
A44: Hvilke av vertsnasjonene går videre til åttendedelsfinale? | F44: USA, Mexico
A45: Hvilke 8 land går videre til kvartfinaler? Fyll inn
A46: Lag 1: | D46: Frankrike
A47: Lag 2: | D47: Nederland
A48: Lag 3: | D48: Spania
A49: Lag 4: | D49: USA
A50: Lag 5: | D50: Brasil
A51: Lag 6: | D51: England
A52: Lag 7: | D52: Argentina
A53: Lag 8: | D53: Portugal
A55: Finalen:
A56: Hvilke 2 lag møtes i finalen? (4 poeng) | F56: Frankrike | J56: Brasil
A57: (2 poeng for ene laget rett)
A58: Hva er målscore etter 90 min i finalen? (3 poeng) | F58: 2 | G58: - | H58: 1
A59: Hvem blir verdensmester? (5 poeng) | F59: Frankrike
A60: Fra hvilket land kommer VMs toppscorer? (3 poeng) | F60: England

Sheet Magnus
A1: "Av alle uviktige ting i verden er fotball den aller viktigste" (pave Johannes Paul II)
A2: Gruppene:
A3: A: | B3: B: | C3: C: | E3: D: | F3: E: | K3: F: | N3: G: | S3: H: | Y3: I: | AC3: J: | AG3: K: | AK3: L:
A4: Mexico | B4: Canada | C4: Brasil | E4: USA | F4: Tyskland | K4: Nederland | N4: Belgia | S4: Spania | Y4: Frankrike | AC4: Argentina | AG4: Portugal | AK4: England
A5: Sør-Afrika | B5: Qatar | C5: Marokko | E5: Tyrkia | F5: Elfenbenskysten | K5: Japan | N5: Iran | S5: Saudi-Arabia | Y5: Norge | AC5: Østerrike | AG5: Usbekistan | AK5: Kroatia
A6: Sør-Korea | B6: Bosnia-Herceg. | C6: Haiti | E6: Australia | F6: Ecuador | K6: Sverige | N6: Egypt | S6: Uruguay | Y6: Irak | AC6: Jordan | AG6: Colombia | AK6: Panama
A7: Tsjekkia | B7: Sveits | C7: Skottland | E7: Paraguay | F7: Curacao | K7: Tunisia | N7: New Zealand | S7: Kapp Verde | Y7: Senegal | AC7: Algerie | AG7: DR Kongo | AK7: Ghana
A9: Gruppespillet:
A10: (Tipp sluttresultat i kampene. Rett resultat - H/U/B - gir 1 poeng, rett målscore gir 1 poeng)
A11: Gruppe A: Torsdag 11.06.2026 21:00 Mexico - Sør-Afrika | F11: 2 | G11: - | H11: 0
A12: Gruppe C: Søndag 14.06.2026 00:00 Brasil - Marokko | F12: 2 | G12: - | H12: 1
A13: Gruppe H: Mandag 15.06.2026 18:00 Spania - Kapp Verde | F13: 3 | G13: - | H13: 0
A14: Gruppe J: Tirsdag 17.06.2026 03:00 Argentina - Algerie | F14: 2 | G14: - | H14: 0
A15: Gruppe L: Onsdag 17.06.2026 22:00 England - Kroatia | F15: 2 | G15: - | H15: 1
A16: Gruppe F: Lørdag 20.06.2026 19:00 Nederland - Sverige | F16: 2 | G16: - | H16: 0
A17: Gruppe I: Tirsdag 23.06.2026 02:00 Norge - Senegal | F17: 2 | G17: - | H17: 1
A18: Gruppe E: Torsdag 25.06.2026 22:00 Ecuador - Tyskland | F18: 0 | G18: - | H18: 1
A19: Gruppe I: Fredag 26.06.2026 21:00 Norge - Frankrike | F19: 1 | G19: - | H19: 2
A20: Gruppe K: Lørdag 27.06.2026 02:00 Colombia - Portugal | F20: 1 | G20: - | H20: 2
A22: (Tipp sluttresultater i gruppene, 2 poeng for hvert rett svar)
A23: Hvem blir vinner i gruppe A? | C23: Mexico
A24: Hvem blir toer i gruppe B? | C24: Canada
A25: Går 3. plass i gruppe C videre? (J/N) | C25: Ja
A26: Hvem blir vinner i gruppe D? | C26: USA
A27: Hvem blir vinner i gruppe F? | C27: Nederland
A28: Hvem blir vinner i gruppe G? | C28: Belgia
A29: Hvem blir toer i gruppe I? | C29: Norge
A30: Går 3.plass i gruppe K videre? (J/N) | C30: Nei
A32: Norge:
A33: (2 poeng for hvert rett svar)
A34: Kommer Norge til å score 7 mål eller mer i gruppespillet? (J/N) | F34: Ja
A35: Kommer Norge til å slippe inn 4 mål eller mer i gruppespillet? (J/N) | F35: Ja
A36: Kommer Norge til å møte Brasil i finalespillet? (J/N) | F36: Nei
A37: Hvem når lengst i VM av Norge og England? (Kryss av) | I37: Norge: | K37: England: | L37: X | M37: Like langt:
A38: Hvem blir Norges toppscorer? (Kryss av) | I38: Haaland: | J38: X | K38: Sørloth: | M38: En annen:
A40: Finalespillet:
A41: (2 poeng for hvert rett svar)
A42: Går Sverige videre fra gruppespillet? (J/N) | F42: Ja
A43: Hvor mange europeiske lag går til sekstendedelsfinale? | F43: 13
A44: Hvilke av vertsnasjonene går videre til åttendedelsfinale? | F44: Mexico og USA
A45: Hvilke 8 land går videre til kvartfinaler? Fyll inn
A46: Lag 1: | D46: Spania
A47: Lag 2: | D47: Frankrike
A48: Lag 3: | D48: England
A49: Lag 4: | D49: Brasil
A50: Lag 5: | D50: Argentina
A51: Lag 6: | D51: Portugal
A52: Lag 7: | D52: Tyskland
A53: Lag 8: | D53: Nederland
A55: Finalen:
A56: Hvilke 2 lag møtes i finalen? (4 poeng) | F56: Spania | J56: England
A57: (2 poeng for ene laget rett)
A58: Hva er målscore etter 90 min i finalen? (3 poeng) | F58: 1 | G58: - | H58: 1
A59: Hvem blir verdensmester? (5 poeng) | F59: Spania
A60: Fra hvilket land kommer VMs toppscorer? (3 poeng) | F60: Frankrike

Sheet Malin
A1: "Av alle uviktige ting i verden er fotball den aller viktigste" (pave Johannes Paul II)
A2: Gruppene:
A3: A: | B3: B: | C3: C: | E3: D: | F3: E: | K3: F: | N3: G: | S3: H: | Y3: I: | AC3: J: | AG3: K: | AK3: L:
A4: Mexico | B4: Canada | C4: Brasil | E4: USA | F4: Tyskland | K4: Nederland | N4: Belgia | S4: Spania | Y4: Frankrike | AC4: Argentina | AG4: Portugal | AK4: England
A5: Sør-Afrika | B5: Qatar | C5: Marokko | E5: Tyrkia | F5: Elfenbenskysten | K5: Japan | N5: Iran | S5: Saudi-Arabia | Y5: Norge | AC5: Østerrike | AG5: Usbekistan | AK5: Kroatia
A6: Sør-Korea | B6: Bosnia-Herceg. | C6: Haiti | E6: Australia | F6: Ecuador | K6: Sverige | N6: Egypt | S6: Uruguay | Y6: Irak | AC6: Jordan | AG6: Colombia | AK6: Panama
A7: Tsjekkia | B7: Sveits | C7: Skottland | E7: Paraguay | F7: Curacao | K7: Tunisia | N7: New Zealand | S7: Kapp Verde | Y7: Senegal | AC7: Algerie | AG7: DR Kongo | AK7: Ghana
A9: Gruppespillet:
A10: (Tipp sluttresultat i kampene. Rett resultat - H/U/B - gir 1 poeng, rett målscore gir 1 poeng)
A11: Gruppe A: Torsdag 11.06.2026 21:00 Mexico - Sør-Afrika | F11: 2 | G11: - | H11: 0
A12: Gruppe C: Søndag 14.06.2026 00:00 Brasil - Marokko | F12: 1 | G12: - | H12: 0
A13: Gruppe H: Mandag 15.06.2026 18:00 Spania - Kapp Verde | F13: 3 | G13: - | H13: 0
A14: Gruppe J: Tirsdag 17.06.2026 03:00 Argentina - Algerie | F14: 2 | G14: - | H14: 0
A15: Gruppe L: Onsdag 17.06.2026 22:00 England - Kroatia | F15: 2 | G15: - | H15: 1
A16: Gruppe F: Lørdag 20.06.2026 19:00 Nederland - Sverige | F16: 2 | G16: - | H16: 1
A17: Gruppe I: Tirsdag 23.06.2026 02:00 Norge - Senegal | F17: 2 | G17: - | H17: 0
A18: Gruppe E: Torsdag 25.06.2026 22:00 Ecuador - Tyskland | F18: 0 | G18: - | H18: 2
A19: Gruppe I: Fredag 26.06.2026 21:00 Norge - Frankrike | F19: 1 | G19: - | H19: 2
A20: Gruppe K: Lørdag 27.06.2026 02:00 Colombia - Portugal | F20: 1 | G20: - | H20: 2
A22: (Tipp sluttresultater i gruppene, 2 poeng for hvert rett svar)
A23: Hvem blir vinner i gruppe A? | C23: Mexico
A24: Hvem blir toer i gruppe B? | C24: Canada
A25: Går 3. plass i gruppe C videre? (J/N) | C25: J
A26: Hvem blir vinner i gruppe D? | C26: USA
A27: Hvem blir vinner i gruppe F? | C27: Nederland
A28: Hvem blir vinner i gruppe G? | C28: Belgia
A29: Hvem blir toer i gruppe I? | C29: Norge
A30: Går 3.plass i gruppe K videre? (J/N) | C30: N
A32: Norge:
A33: (2 poeng for hvert rett svar)
A34: Kommer Norge til å score 7 mål eller mer i gruppespillet? (J/N) | F34: N
A35: Kommer Norge til å slippe inn 4 mål eller mer i gruppespillet? (J/N) | F35: J
A36: Kommer Norge til å møte Brasil i finalespillet? (J/N) | F36: N
A37: Hvem når lengst i VM av Norge og England? (Kryss av) | I37: Norge: | K37: England: | L37: X | M37: Like langt:
A38: Hvem blir Norges toppscorer? (Kryss av) | I38: Haaland: | J38: X | K38: Sørloth: | M38: En annen:
A40: Finalespillet:
A41: (2 poeng for hvert rett svar)
A42: Går Sverige videre fra gruppespillet? (J/N) | F42: J
A43: Hvor mange europeiske lag går til sekstendedelsfinale? | F43: 12
A44: Hvilke av vertsnasjonene går videre til åttendedelsfinale? | F44: Mexico og USA
A45: Hvilke 8 land går videre til kvartfinaler? Fyll inn
A46: Lag 1: | D46: Spania
A47: Lag 2: | D47: Frankrike
A48: Lag 3: | D48: England
A49: Lag 4: | D49: Brasil
A50: Lag 5: | D50: Argentina
A51: Lag 6: | D51: Portugal
A52: Lag 7: | D52: Tyskland
A53: Lag 8: | D53: Nederland
A55: Finalen:
A56: Hvilke 2 lag møtes i finalen? (4 poeng) | F56: Spania | J56: England
A57: (2 poeng for ene laget rett)
A58: Hva er målscore etter 90 min i finalen? (3 poeng) | F58: 2 | G58: - | H58: 1
A59: Hvem blir verdensmester? (5 poeng) | F59: Spania
A60: Fra hvilket land kommer VMs toppscorer? (3 poeng) | F60: Frankrike

Sheet Marit
A1: "Av alle uviktige ting i verden er fotball den aller viktigste" (pave Johannes Paul II)
A2: Gruppene:
A3: A: | B3: B: | C3: C: | E3: D: | F3: E: | K3: F: | N3: G: | S3: H: | Y3: I: | AC3: J: | AG3: K: | AK3: L:
A4: Mexico | B4: Canada | C4: Brasil | E4: USA | F4: Tyskland | K4: Nederland | N4: Belgia | S4: Spania | Y4: Frankrike | AC4: Argentina | AG4: Portugal | AK4: England
A5: Sør-Afrika | B5: Qatar | C5: Marokko | E5: Tyrkia | F5: Elfenbenskysten | K5: Japan | N5: Iran | S5: Saudi-Arabia | Y5: Norge | AC5: Østerrike | AG5: Usbekistan | AK5: Kroatia
A6: Sør-Korea | B6: Bosnia-Herceg. | C6: Haiti | E6: Australia | F6: Ecuador | K6: Sverige | N6: Egypt | S6: Uruguay | Y6: Irak | AC6: Jordan | AG6: Colombia | AK6: Panama
A7: Tsjekkia | B7: Sveits | C7: Skottland | E7: Paraguay | F7: Curacao | K7: Tunisia | N7: New Zealand | S7: Kapp Verde | Y7: Senegal | AC7: Algerie | AG7: DR Kongo | AK7: Ghana
A9: Gruppespillet:
A10: (Tipp sluttresultat i kampene. Rett resultat - H/U/B - gir 1 poeng, rett målscore gir 1 poeng)
A11: Gruppe A: Torsdag 11.06.2026 21:00 Mexico - Sør-Afrika | F11: 2 | G11: - | H11: 0
A12: Gruppe C: Søndag 14.06.2026 00:00 Brasil - Marokko | F12: 2 | G12: - | H12: 1
A13: Gruppe H: Mandag 15.06.2026 18:00 Spania - Kapp Verde | F13: 3 | G13: - | H13: 0
A14: Gruppe J: Tirsdag 17.06.2026 03:00 Argentina - Algerie | F14: 3 | G14: - | H14: 0
A15: Gruppe L: Onsdag 17.06.2026 22:00 England - Kroatia | F15: 1 | G15: - | H15: 1
A16: Gruppe F: Lørdag 20.06.2026 19:00 Nederland - Sverige | F16: 1 | G16: - | H16: 0
A17: Gruppe I: Tirsdag 23.06.2026 02:00 Norge - Senegal | F17: 1 | H17: 1
A18: Gruppe E: Torsdag 25.06.2026 22:00 Ecuador - Tyskland | F18: 1 | G18: - | H18: 3
A19: Gruppe I: Fredag 26.06.2026 21:00 Norge - Frankrike | F19: 1 | G19: - | H19: 2
A20: Gruppe K: Lørdag 27.06.2026 02:00 Colombia - Portugal | F20: 1 | H20: 2
A22: (Tipp sluttresultater i gruppene, 2 poeng for hvert rett svar)
A23: Hvem blir vinner i gruppe A? | C23: Mexico
A24: Hvem blir toer i gruppe B? | C24: Sveits
A25: Går 3. plass i gruppe C videre? (J/N) | C25: ja
A26: Hvem blir vinner i gruppe D? | C26: USA
A27: Hvem blir vinner i gruppe F? | C27: Nederland
A28: Hvem blir vinner i gruppe G? | C28: Belgia
A29: Hvem blir toer i gruppe I? | C29: Senegal
A30: Går 3.plass i gruppe K videre? (J/N) | C30: Nei
A32: Norge:
A33: (2 poeng for hvert rett svar)
A34: Kommer Norge til å score 7 mål eller mer i gruppespillet? (J/N) | F34: N
A35: Kommer Norge til å slippe inn 4 mål eller mer i gruppespillet? (J/N) | F35: J
A36: Kommer Norge til å møte Brasil i finalespillet? (J/N) | F36: N
A37: Hvem når lengst i VM av Norge og England? (Kryss av) | I37: Norge: | K37: England: | L37: x | M37: Like langt:
A38: Hvem blir Norges toppscorer? (Kryss av) | I38: Haaland: | J38: x | K38: Sørloth: | M38: En annen:
A40: Finalespillet:
A41: (2 poeng for hvert rett svar)
A42: Går Sverige videre fra gruppespillet? (J/N) | F42: J
A43: Hvor mange europeiske lag går til sekstendedelsfinale? | F43: 10
A44: Hvilke av vertsnasjonene går videre til åttendedelsfinale? | F44: USA, Mexico
A45: Hvilke 8 land går videre til kvartfinaler? Fyll inn
A46: Lag 1: | D46: Brasil
A47: Lag 2: | D47: Argentina
A48: Lag 3: | D48: Frankrike
A49: Lag 4: | D49: England
A50: Lag 5: | D50: Portugal
A51: Lag 6: | D51: Nederland
A52: Lag 7: | D52: Tyskalnd
A53: Lag 8: | D53: Spania
A55: Finalen:
A56: Hvilke 2 lag møtes i finalen? (4 poeng) | F56: Brasil | J56: Frankrike
A57: (2 poeng for ene laget rett)
A58: Hva er målscore etter 90 min i finalen? (3 poeng) | F58: 2 | G58: - | H58: 1
A59: Hvem blir verdensmester? (5 poeng) | F59: Frankrike
A60: Fra hvilket land kommer VMs toppscorer? (3 poeng) | F60: Brasil

Sheet Trude
A1: "Av alle uviktige ting i verden er fotball den aller viktigste" (pave Johannes Paul II)
A2: Gruppene:
A3: A: | B3: B: | C3: C: | E3: D: | F3: E: | K3: F: | N3: G: | S3: H: | Y3: I: | AC3: J: | AG3: K: | AK3: L:
A4: Mexico | B4: Canada | C4: Brasil | E4: USA | F4: Tyskland | K4: Nederland | N4: Belgia | S4: Spania | Y4: Frankrike | AC4: Argentina | AG4: Portugal | AK4: England
A5: Sør-Afrika | B5: Qatar | C5: Marokko | E5: Tyrkia | F5: Elfenbenskysten | K5: Japan | N5: Iran | S5: Saudi-Arabia | Y5: Norge | AC5: Østerrike | AG5: Usbekistan | AK5: Kroatia
A6: Sør-Korea | B6: Bosnia-Herceg. | C6: Haiti | E6: Australia | F6: Ecuador | K6: Sverige | N6: Egypt | S6: Uruguay | Y6: Irak | AC6: Jordan | AG6: Colombia | AK6: Panama
A7: Tsjekkia | B7: Sveits | C7: Skottland | E7: Paraguay | F7: Curacao | K7: Tunisia | N7: New Zealand | S7: Kapp Verde | Y7: Senegal | AC7: Algerie | AG7: DR Kongo | AK7: Ghana
A9: Gruppespillet:
A10: (Tipp sluttresultat i kampene. Rett resultat - H/U/B - gir 1 poeng, rett målscore gir 1 poeng)
A11: Gruppe A: Torsdag 11.06.2026 21:00 Mexico - Sør-Afrika | F11: 2 | G11: - | H11: 0
A12: Gruppe C: Søndag 14.06.2026 00:00 Brasil - Marokko | F12: 1 | G12: - | H12: 1
A13: Gruppe H: Mandag 15.06.2026 18:00 Spania - Kapp Verde | F13: 4 | G13: - | H13: 0
A14: Gruppe J: Tirsdag 17.06.2026 03:00 Argentina - Algerie | F14: 3 | G14: - | H14: 1
A15: Gruppe L: Onsdag 17.06.2026 22:00 England - Kroatia | F15: 1 | G15: - | H15: 1
A16: Gruppe F: Lørdag 20.06.2026 19:00 Nederland - Sverige | F16: 2 | G16: - | H16: 0
A17: Gruppe I: Tirsdag 23.06.2026 02:00 Norge - Senegal | F17: 2 | G17: - | H17: 0
A18: Gruppe E: Torsdag 25.06.2026 22:00 Ecuador - Tyskland | F18: 1 | G18: - | H18: 2
A19: Gruppe I: Fredag 26.06.2026 21:00 Norge - Frankrike | F19: 1 | G19: - | H19: 2
A20: Gruppe K: Lørdag 27.06.2026 02:00 Colombia - Portugal | F20: 1 | G20: - | H20: 3
A22: (Tipp sluttresultater i gruppene, 2 poeng for hvert rett svar)
A23: Hvem blir vinner i gruppe A? | C23: Mexico
A24: Hvem blir toer i gruppe B? | C24: Bosnia
A25: Går 3. plass i gruppe C videre? (J/N) | C25: N
A26: Hvem blir vinner i gruppe D? | C26: Tyrkia
A27: Hvem blir vinner i gruppe F? | C27: Nederland
A28: Hvem blir vinner i gruppe G? | C28: Egypt
A29: Hvem blir toer i gruppe I? | C29: Norge
A30: Går 3.plass i gruppe K videre? (J/N) | C30: N
A32: Norge:
A33: (2 poeng for hvert rett svar)
A34: Kommer Norge til å score 7 mål eller mer i gruppespillet? (J/N) | F34: N
A35: Kommer Norge til å slippe inn 4 mål eller mer i gruppespillet? (J/N) | F35: N
A36: Kommer Norge til å møte Brasil i finalespillet? (J/N) | F36: N
A37: Hvem når lengst i VM av Norge og England? (Kryss av) | I37: Norge: | K37: England: | L37: X | M37: Like langt:
A38: Hvem blir Norges toppscorer? (Kryss av) | I38: Haaland: | J38: X | K38: Sørloth: | M38: En annen:
A40: Finalespillet:
A41: (2 poeng for hvert rett svar)
A42: Går Sverige videre fra gruppespillet? (J/N) | F42: J
A43: Hvor mange europeiske lag går til sekstendedelsfinale? | F43: 11
A44: Hvilke av vertsnasjonene går videre til åttendedelsfinale? | F44: Ingen
A45: Hvilke 8 land går videre til kvartfinaler? Fyll inn
A46: Lag 1: | D46: Frankrike
A47: Lag 2: | D47: Brasil
A48: Lag 3: | D48: Argentina
A49: Lag 4: | D49: England
A50: Lag 5: | D50: Tyskland
A51: Lag 6: | D51: Spania
A52: Lag 7: | D52: Sveits
A53: Lag 8: | D53: Tyrkia
A55: Finalen:
A56: Hvilke 2 lag møtes i finalen? (4 poeng) | F56: England | J56: Spania
A57: (2 poeng for ene laget rett)
A58: Hva er målscore etter 90 min i finalen? (3 poeng) | F58: 1 | G58: - | H58: 1
A59: Hvem blir verdensmester? (5 poeng) | F59: England
A60: Fra hvilket land kommer VMs toppscorer? (3 poeng) | F60: Spania

Sheet Vidar
A1: "Av alle uviktige ting i verden er fotball den aller viktigste" (pave Johannes Paul II)
A2: Gruppene:
A3: A: | B3: B: | C3: C: | E3: D: | F3: E: | K3: F: | N3: G: | S3: H: | Y3: I: | AC3: J: | AG3: K: | AK3: L:
A4: Mexico | B4: Canada | C4: Brasil | E4: USA | F4: Tyskland | K4: Nederland | N4: Belgia | S4: Spania | Y4: Frankrike | AC4: Argentina | AG4: Portugal | AK4: England
A5: Sør-Afrika | B5: Qatar | C5: Marokko | E5: Tyrkia | F5: Elfenbenskysten | K5: Japan | N5: Iran | S5: Saudi-Arabia | Y5: Norge | AC5: Østerrike | AG5: Usbekistan | AK5: Kroatia
A6: Sør-Korea | B6: Bosnia-Herceg. | C6: Haiti | E6: Australia | F6: Ecuador | K6: Sverige | N6: Egypt | S6: Uruguay | Y6: Irak | AC6: Jordan | AG6: Colombia | AK6: Panama
A7: Tsjekkia | B7: Sveits | C7: Skottland | E7: Paraguay | F7: Curacao | K7: Tunisia | N7: New Zealand | S7: Kapp Verde | Y7: Senegal | AC7: Algerie | AG7: DR Kongo | AK7: Ghana
A9: Gruppespillet:
A10: (Tipp sluttresultat i kampene. Rett resultat - H/U/B - gir 1 poeng, rett målscore gir 1 poeng)
A11: Gruppe A: Torsdag 11.06.2026 21:00 Mexico - Sør-Afrika | F11: 2 | G11: - | H11: 1
A12: Gruppe C: Søndag 14.06.2026 00:00 Brasil - Marokko | F12: 1 | G12: - | H12: 0
A13: Gruppe H: Mandag 15.06.2026 18:00 Spania - Kapp Verde | F13: 2 | G13: - | H13: 1
A14: Gruppe J: Tirsdag 17.06.2026 03:00 Argentina - Algerie | F14: 3 | G14: - | H14: 1
A15: Gruppe L: Onsdag 17.06.2026 22:00 England - Kroatia | F15: 0 | G15: - | H15: 1
A16: Gruppe F: Lørdag 20.06.2026 19:00 Nederland - Sverige | F16: 3 | G16: - | H16: 1
A17: Gruppe I: Tirsdag 23.06.2026 02:00 Norge - Senegal | F17: 2 | G17: - | H17: 3
A18: Gruppe E: Torsdag 25.06.2026 22:00 Ecuador - Tyskland | F18: 0 | G18: - | H18: 3
A19: Gruppe I: Fredag 26.06.2026 21:00 Norge - Frankrike | F19: 2 | G19: - | H19: 3
A20: Gruppe K: Lørdag 27.06.2026 02:00 Colombia - Portugal | F20: 0 | G20: - | H20: 1
A22: (Tipp sluttresultater i gruppene, 2 poeng for hvert rett svar)
A23: Hvem blir vinner i gruppe A? | C23: Sør Korea
A24: Hvem blir toer i gruppe B? | C24: Bosnia-Herceg.
A25: Går 3. plass i gruppe C videre? (J/N) | C25: N
A26: Hvem blir vinner i gruppe D? | C26: Australia
A27: Hvem blir vinner i gruppe F? | C27: Nederland
A28: Hvem blir vinner i gruppe G? | C28: Iran
A29: Hvem blir toer i gruppe I? | C29: Senegal
A30: Går 3.plass i gruppe K videre? (J/N) | C30: N
A32: Norge:
A33: (2 poeng for hvert rett svar)
A34: Kommer Norge til å score 7 mål eller mer i gruppespillet? (J/N) | F34: N
A35: Kommer Norge til å slippe inn 4 mål eller mer i gruppespillet? (J/N) | F35: J
A36: Kommer Norge til å møte Brasil i finalespillet? (J/N) | F36: N
A37: Hvem når lengst i VM av Norge og England? (Kryss av) | I37: Norge: | K37: England: | L37: X | M37: Like langt:
A38: Hvem blir Norges toppscorer? (Kryss av) | I38: Haaland: | J38: X | K38: Sørloth: | M38: En annen:
A40: Finalespillet:
A41: (2 poeng for hvert rett svar)
A42: Går Sverige videre fra gruppespillet? (J/N) | F42: N
A43: Hvor mange europeiske lag går til sekstendedelsfinale? | F43: 9
A44: Hvilke av vertsnasjonene går videre til åttendedelsfinale? | F44: Mexico
A45: Hvilke 8 land går videre til kvartfinaler? Fyll inn
A46: Lag 1: | D46: Tyskland
A47: Lag 2: | D47: Frankrike
A48: Lag 3: | D48: Spania
A49: Lag 4: | D49: Kroatia
A50: Lag 5: | D50: Brasil
A51: Lag 6: | D51: Marokko
A52: Lag 7: | D52: Argentina
A53: Lag 8: | D53: Portugal
A55: Finalen:
A56: Hvilke 2 lag møtes i finalen? (4 poeng) | F56: Kroatia | J56: Frankrike
A57: (2 poeng for ene laget rett)
A58: Hva er målscore etter 90 min i finalen? (3 poeng) | F58: 1 | G58: - | H58: 2
A59: Hvem blir verdensmester? (5 poeng) | F59: Frankrike
A60: Fra hvilket land kommer VMs toppscorer? (3 poeng) | F60: Frankrike

Sheet Øystein
A1: "Av alle uviktige ting i verden er fotball den aller viktigste" (pave Johannes Paul II)
A2: Gruppene:
A3: A: | B3: B: | C3: C: | E3: D: | F3: E: | K3: F: | N3: G: | S3: H: | Y3: I: | AC3: J: | AG3: K: | AK3: L:
A4: Mexico | B4: Canada | C4: Brasil | E4: USA | F4: Tyskland | K4: Nederland | N4: Belgia | S4: Spania | Y4: Frankrike | AC4: Argentina | AG4: Portugal | AK4: England
A5: Sør-Afrika | B5: Qatar | C5: Marokko | E5: Tyrkia | F5: Elfenbenskysten | K5: Japan | N5: Iran | S5: Saudi-Arabia | Y5: Norge | AC5: Østerrike | AG5: Usbekistan | AK5: Kroatia
A6: Sør-Korea | B6: Bosnia-Herceg. | C6: Haiti | E6: Australia | F6: Ecuador | K6: Sverige | N6: Egypt | S6: Uruguay | Y6: Irak | AC6: Jordan | AG6: Colombia | AK6: Panama
A7: Tsjekkia | B7: Sveits | C7: Skottland | E7: Paraguay | F7: Curacao | K7: Tunisia | N7: New Zealand | S7: Kapp Verde | Y7: Senegal | AC7: Algerie | AG7: DR Kongo | AK7: Ghana
A9: Gruppespillet:
A10: (Tipp sluttresultat i kampene. Rett resultat - H/U/B - gir 1 poeng, rett målscore gir 1 poeng)
A11: Gruppe A: Torsdag 11.06.2026 21:00 Mexico - Sør-Afrika | F11: 3 | G11: - | H11: 1
A12: Gruppe C: Søndag 14.06.2026 00:00 Brasil - Marokko | F12: 0 | G12: - | H12: 0
A13: Gruppe H: Mandag 15.06.2026 18:00 Spania - Kapp Verde | F13: 4 | G13: - | H13: 0
A14: Gruppe J: Tirsdag 17.06.2026 03:00 Argentina - Algerie | F14: 1 | G14: - | H14: 0
A15: Gruppe L: Onsdag 17.06.2026 22:00 England - Kroatia | F15: 2 | G15: - | H15: 0
A16: Gruppe F: Lørdag 20.06.2026 19:00 Nederland - Sverige | F16: 1 | G16: - | H16: 1
A17: Gruppe I: Tirsdag 23.06.2026 02:00 Norge - Senegal | F17: 2 | G17: - | H17: 2
A18: Gruppe E: Torsdag 25.06.2026 22:00 Ecuador - Tyskland | F18: 1 | G18: - | H18: 2
A19: Gruppe I: Fredag 26.06.2026 21:00 Norge - Frankrike | F19: 0 | G19: - | H19: 3
A20: Gruppe K: Lørdag 27.06.2026 02:00 Colombia - Portugal | F20: 0 | G20: - | H20: 3
A22: (Tipp sluttresultater i gruppene, 2 poeng for hvert rett svar)
A23: Hvem blir vinner i gruppe A? | C23: Sør-Korea
A24: Hvem blir toer i gruppe B? | C24: Canada
A25: Går 3. plass i gruppe C videre? (J/N) | C25: N
A26: Hvem blir vinner i gruppe D? | C26: USA
A27: Hvem blir vinner i gruppe F? | C27: Nederland
A28: Hvem blir vinner i gruppe G? | C28: Belgia
A29: Hvem blir toer i gruppe I? | C29: Senegal
A30: Går 3.plass i gruppe K videre? (J/N) | C30: N
A32: Norge:
A33: (2 poeng for hvert rett svar)
A34: Kommer Norge til å score 7 mål eller mer i gruppespillet? (J/N) | F34: N
A35: Kommer Norge til å slippe inn 4 mål eller mer i gruppespillet? (J/N) | F35: J
A36: Kommer Norge til å møte Brasil i finalespillet? (J/N) | F36: J
A37: Hvem når lengst i VM av Norge og England? (Kryss av) | I37: Norge: | K37: England: | L37: X | M37: Like langt:
A38: Hvem blir Norges toppscorer? (Kryss av) | I38: Haaland: | K38: Sørloth: | L38: X | M38: En annen:
A40: Finalespillet:
A41: (2 poeng for hvert rett svar)
A42: Går Sverige videre fra gruppespillet? (J/N) | F42: J
A43: Hvor mange europeiske lag går til sekstendedelsfinale? | F43: 8
A44: Hvilke av vertsnasjonene går videre til åttendedelsfinale? | F44: USA
A45: Hvilke 8 land går videre til kvartfinaler? Fyll inn
A46: Lag 1: | D46: Frankrike
A47: Lag 2: | D47: Marokko
A48: Lag 3: | D48: Spania
A49: Lag 4: | D49: USA
A50: Lag 5: | D50: Brasil
A51: Lag 6: | D51: England
A52: Lag 7: | D52: Argentina
A53: Lag 8: | D53: Portugal
A55: Finalen:
A56: Hvilke 2 lag møtes i finalen? (4 poeng) | F56: Spania | J56: England
A57: (2 poeng for ene laget rett)
A58: Hva er målscore etter 90 min i finalen? (3 poeng) | F58: 1 | G58: - | H58: 1
A59: Hvem blir verdensmester? (5 poeng) | F59: Spania
A60: Fra hvilket land kommer VMs toppscorer? (3 poeng) | F60: Frankrike

Sheet Ådne
A1: "Av alle uviktige ting i verden er fotball den aller viktigste" (pave Johannes Paul II)
A2: Gruppene:
A3: A: | B3: B: | C3: C: | E3: D: | F3: E: | K3: F: | N3: G: | S3: H: | Y3: I: | AC3: J: | AG3: K: | AK3: L:
A4: Mexico | B4: Canada | C4: Brasil | E4: USA | F4: Tyskland | K4: Nederland | N4: Belgia | S4: Spania | Y4: Frankrike | AC4: Argentina | AG4: Portugal | AK4: England
A5: Sør-Afrika | B5: Qatar | C5: Marokko | E5: Tyrkia | F5: Elfenbenskysten | K5: Japan | N5: Iran | S5: Saudi-Arabia | Y5: Norge | AC5: Østerrike | AG5: Usbekistan | AK5: Kroatia
A6: Sør-Korea | B6: Bosnia-Herceg. | C6: Haiti | E6: Australia | F6: Ecuador | K6: Sverige | N6: Egypt | S6: Uruguay | Y6: Irak | AC6: Jordan | AG6: Colombia | AK6: Panama
A7: Tsjekkia | B7: Sveits | C7: Skottland | E7: Paraguay | F7: Curacao | K7: Tunisia | N7: New Zealand | S7: Kapp Verde | Y7: Senegal | AC7: Algerie | AG7: DR Kongo | AK7: Ghana
A9: Gruppespillet:
A10: (Tipp sluttresultat i kampene. Rett resultat - H/U/B - gir 1 poeng, rett målscore gir 1 poeng)
A11: Gruppe A: Torsdag 11.06.2026 21:00 Mexico - Sør-Afrika | F11: 2 | G11: - | H11: 1
A12: Gruppe C: Søndag 14.06.2026 00:00 Brasil - Marokko | F12: 2 | G12: - | H12: 1
A13: Gruppe H: Mandag 15.06.2026 18:00 Spania - Kapp Verde | F13: 3 | G13: - | H13: 0
A14: Gruppe J: Tirsdag 17.06.2026 03:00 Argentina - Algerie | F14: 2 | G14: - | H14: 1
A15: Gruppe L: Onsdag 17.06.2026 22:00 England - Kroatia | F15: 2 | G15: - | H15: 1
A16: Gruppe F: Lørdag 20.06.2026 19:00 Nederland - Sverige | F16: 3 | G16: - | H16: 1
A17: Gruppe I: Tirsdag 23.06.2026 02:00 Norge - Senegal | F17: 2 | G17: - | H17: 1
A18: Gruppe E: Torsdag 25.06.2026 22:00 Ecuador - Tyskland | F18: 1 | G18: - | H18: 3
A19: Gruppe I: Fredag 26.06.2026 21:00 Norge - Frankrike | F19: 1 | G19: - | H19: 3
A20: Gruppe K: Lørdag 27.06.2026 02:00 Colombia - Portugal | F20: 2 | G20: - | H20: 3
A22: (Tipp sluttresultater i gruppene, 2 poeng for hvert rett svar)
A23: Hvem blir vinner i gruppe A? | C23: Mexico
A24: Hvem blir toer i gruppe B? | C24: Canada
A25: Går 3. plass i gruppe C videre? (J/N) | C25: N
A26: Hvem blir vinner i gruppe D? | C26: USA
A27: Hvem blir vinner i gruppe F? | C27: Nederland
A28: Hvem blir vinner i gruppe G? | C28: Belgia
A29: Hvem blir toer i gruppe I? | C29: Norge
A30: Går 3.plass i gruppe K videre? (J/N) | C30: N
A32: Norge:
A33: (2 poeng for hvert rett svar)
A34: Kommer Norge til å score 7 mål eller mer i gruppespillet? (J/N) | F34: N
A35: Kommer Norge til å slippe inn 4 mål eller mer i gruppespillet? (J/N) | F35: J
A36: Kommer Norge til å møte Brasil i finalespillet? (J/N) | F36: N
A37: Hvem når lengst i VM av Norge og England? (Kryss av) | I37: Norge: | K37: England: | L37: X | M37: Like langt:
A38: Hvem blir Norges toppscorer? (Kryss av) | I38: Haaland: | J38: X | K38: Sørloth: | M38: En annen:
A40: Finalespillet:
A41: (2 poeng for hvert rett svar)
A42: Går Sverige videre fra gruppespillet? (J/N) | F42: N
A43: Hvor mange europeiske lag går til sekstendedelsfinale? | F43: 10
A44: Hvilke av vertsnasjonene går videre til åttendedelsfinale? | F44: Mexico
A45: Hvilke 8 land går videre til kvartfinaler? Fyll inn
A46: Lag 1: | D46: Spania
A47: Lag 2: | D47: Frankrike
A48: Lag 3: | D48: Nederland
A49: Lag 4: | D49: Brasil
A50: Lag 5: | D50: Argentina
A51: Lag 6: | D51: England
A52: Lag 7: | D52: Portugal
A53: Lag 8: | D53: Tyskland
A55: Finalen:
A56: Hvilke 2 lag møtes i finalen? (4 poeng) | F56: Spania | J56: Frankrike
A57: (2 poeng for ene laget rett)
A58: Hva er målscore etter 90 min i finalen? (3 poeng) | F58: 2 | G58: - | H58: 1
A59: Hvem blir verdensmester? (5 poeng) | F59: Spania
A60: Fra hvilket land kommer VMs toppscorer? (3 poeng) | F60: Spania

Sheet Data
A1: Navn | B1: Mexico-Sør-Afrika (H) | C1: Mexico-Sør-Afrika (B) | D1: Brasil-Marokko (H) | E1: Brasil-Marokko (B) | F1: Spania-Kapp Verde (H) | G1: Spania-Kapp Verde (B) | H1: Argentina-Algerie (H) | I1: Argentina-Algerie (B) | J1: England-Kroatia (H) | K1: England-Kroatia (B) | L1: Nederland-Sverige (H) | M1: Nederland-Sverige (B) | N1: Norge-Senegal (H) | O1: Norge-Senegal (B) | P1: Ecuador-Tyskland (H) | Q1: Ecuador-Tyskland (B) | R1: Norge-Frankrike (H) | S1: Norge-Frankrike (B) | T1: Colombia-Portugal (H) | U1: Colombia-Portugal (B) | V1: Res 1 | W1: Res 2 | X1: Res 3 | Y1: Res 4 | Z1: Res 5 | AA1: Res 6 | AB1: Res 7 | AC1: Res 8 | AD1: Res 9 | AE1: Res 10 | AF1: A-vinner | AG1: B-toer | AH1: C 3.pl videre | AI1: D-vinner | AJ1: F-vinner | AK1: G-vinner | AL1: I-toer | AM1: K 3.pl videre | AN1: Norge 7+ mål | AO1: Norge innslipp 4+ | AP1: Norge møter Brasil | AQ1: Lengst N/Eng | AR1: Toppscorer
A2: Ahilan | B2: =Ahilan!F11 -> 2 | C2: =Ahilan!H11 -> 0 | D2: =Ahilan!F12 -> 1 | E2: =Ahilan!H12 -> 0 | F2: =Ahilan!F13 -> 3 | G2: =Ahilan!H13 -> 0 | H2: =Ahilan!F14 -> 2 | I2: =Ahilan!H14 -> 1 | J2: =Ahilan!F15 -> 0 | K2: =Ahilan!H15 -> 0 | L2: =Ahilan!F16 -> 2 | M2: =Ahilan!H16 -> 1 | N2: =Ahilan!F17 -> 0 | O2: =Ahilan!H17 -> 0 | P2: =Ahilan!F18 -> 0 | Q2: =Ahilan!H18 -> 1 | R2: =Ahilan!F19 -> 0 | S2: =Ahilan!H19 -> 1 | T2: =Ahilan!F20 -> 2 | U2: =Ahilan!H20 -> 3 | V2: =IF(B2>C2,"H",IF(B2<C2,"B","U")) -> H | W2: =IF(D2>E2,"H",IF(D2<E2,"B","U")) -> H | X2: =IF(F2>G2,"H",IF(F2<G2,"B","U")) -> H | Y2: =IF(H2>I2,"H",IF(H2<I2,"B","U")) -> H | Z2: =IF(J2>K2,"H",IF(J2<K2,"B","U")) -> U | AA2: =IF(L2>M2,"H",IF(L2<M2,"B","U")) -> H | AB2: =IF(N2>O2,"H",IF(N2<O2,"B","U")) -> U | AC2: =IF(P2>Q2,"H",IF(P2<Q2,"B","U")) -> B | AD2: =IF(R2>S2,"H",IF(R2<S2,"B","U")) -> B | AE2: =IF(T2>U2,"H",IF(T2<U2,"B","U")) -> B | AF2: =Ahilan!C23 -> Tsjekkia | AG2: =Ahilan!C24 -> Sveits | AH2: =IF(LOWER(LEFT(TRIM(Ahilan!C25),1))="j","Ja","Nei") -> Nei | AI2: =Ahilan!C26 -> Tyrkia | AJ2: =Ahilan!C27 -> Nederland | AK2: =Ahilan!C28 -> Belgia | AL2: =Ahilan!C29 -> Senegal | AM2: =IF(LOWER(LEFT(TRIM(Ahilan!C30),1))="j","Ja","Nei") -> Nei | AN2: =IF(LOWER(LEFT(TRIM(Ahilan!F34),1))="j","Ja","Nei") -> Nei | AO2: =IF(LOWER(LEFT(TRIM(Ahilan!F35),1))="j","Ja","Nei") -> Nei | AP2: =IF(LOWER(LEFT(TRIM(Ahilan!F36),1))="j","Ja","Nei") -> Nei | AQ2: =IF(TRIM(Ahilan!J37)<>"","Norge",IF(TRIM(Ahilan!L37)<>"","England",IF(TRIM(Ahilan!N37)<>"","Like langt","-"))) -> England | AR2: =IF(TRIM(Ahilan!J38)<>"","Haaland",IF(TRIM(Ahilan!L38)<>"","Sørloth",IF(TRIM(Ahilan!N38)<>"","En annen","-"))) -> Haaland
A3: Haakon | B3: =Haakon!F11 -> 3 | C3: =Haakon!H11 -> 0 | D3: =Haakon!F12 -> 3 | E3: =Haakon!H12 -> 2 | F3: =Haakon!F13 -> 4 | G3: =Haakon!H13 -> 0 | H3: =Haakon!F14 -> 3 | I3: =Haakon!H14 -> 1 | J3: =Haakon!F15 -> 3 | K3: =Haakon!H15 -> 0 | L3: =Haakon!F16 -> 2 | M3: =Haakon!H16 -> 0 | N3: =Haakon!F17 -> 2 | O3: =Haakon!H17 -> 1 | P3: =Haakon!F18 -> 1 | Q3: =Haakon!H18 -> 2 | R3: =Haakon!F19 -> 2 | S3: =Haakon!H19 -> 2 | T3: =Haakon!F20 -> 1 | U3: =Haakon!H20 -> 2 | V3: =IF(B3>C3,"H",IF(B3<C3,"B","U")) -> H | W3: =IF(D3>E3,"H",IF(D3<E3,"B","U")) -> H | X3: =IF(F3>G3,"H",IF(F3<G3,"B","U")) -> H | Y3: =IF(H3>I3,"H",IF(H3<I3,"B","U")) -> H | Z3: =IF(J3>K3,"H",IF(J3<K3,"B","U")) -> H | AA3: =IF(L3>M3,"H",IF(L3<M3,"B","U")) -> H | AB3: =IF(N3>O3,"H",IF(N3<O3,"B","U")) -> H | AC3: =IF(P3>Q3,"H",IF(P3<Q3,"B","U")) -> B | AD3: =IF(R3>S3,"H",IF(R3<S3,"B","U")) -> U | AE3: =IF(T3>U3,"H",IF(T3<U3,"B","U")) -> B | AF3: =Haakon!C23 -> Mexico | AG3: =Haakon!C24 -> Sveits | AH3: =IF(LOWER(LEFT(TRIM(Haakon!C25),1))="j","Ja","Nei") -> Ja | AI3: =Haakon!C26 -> USA | AJ3: =Haakon!C27 -> Nederland | AK3: =Haakon!C28 -> Belgia | AL3: =Haakon!C29 -> Norge | AM3: =IF(LOWER(LEFT(TRIM(Haakon!C30),1))="j","Ja","Nei") -> Nei | AN3: =IF(LOWER(LEFT(TRIM(Haakon!F34),1))="j","Ja","Nei") -> Ja | AO3: =IF(LOWER(LEFT(TRIM(Haakon!F35),1))="j","Ja","Nei") -> Ja | AP3: =IF(LOWER(LEFT(TRIM(Haakon!F36),1))="j","Ja","Nei") -> Ja | AQ3: =IF(TRIM(Haakon!J37)<>"","Norge",IF(TRIM(Haakon!L37)<>"","England",IF(TRIM(Haakon!N37)<>"","Like langt","-"))) -> England | AR3: =IF(TRIM(Haakon!J38)<>"","Haaland",IF(TRIM(Haakon!L38)<>"","Sørloth",IF(TRIM(Haakon!N38)<>"","En annen","-"))) -> Haaland
A4: AI | B4: =AI!F11 -> 2 | C4: =AI!H11 -> 1 | D4: =AI!F12 -> 3 | E4: =AI!H12 -> 1 | F4: =AI!F13 -> 6 | G4: =AI!H13 -> 0 | H4: =AI!F14 -> 3 | I4: =AI!H14 -> 0 | J4: =AI!F15 -> 2 | K4: =AI!H15 -> 2 | L4: =AI!F16 -> 2 | M4: =AI!H16 -> 1 | N4: =AI!F17 -> 1 | O4: =AI!H17 -> 0 | P4: =AI!F18 -> 1 | Q4: =AI!H18 -> 2 | R4: =AI!F19 -> 2 | S4: =AI!H19 -> 2 | T4: =AI!F20 -> 1 | U4: =AI!H20 -> 2 | V4: =IF(B4>C4,"H",IF(B4<C4,"B","U")) -> H | W4: =IF(D4>E4,"H",IF(D4<E4,"B","U")) -> H | X4: =IF(F4>G4,"H",IF(F4<G4,"B","U")) -> H | Y4: =IF(H4>I4,"H",IF(H4<I4,"B","U")) -> H | Z4: =IF(J4>K4,"H",IF(J4<K4,"B","U")) -> U | AA4: =IF(L4>M4,"H",IF(L4<M4,"B","U")) -> H | AB4: =IF(N4>O4,"H",IF(N4<O4,"B","U")) -> H | AC4: =IF(P4>Q4,"H",IF(P4<Q4,"B","U")) -> B | AD4: =IF(R4>S4,"H",IF(R4<S4,"B","U")) -> U | AE4: =IF(T4>U4,"H",IF(T4<U4,"B","U")) -> B | AF4: =AI!C23 -> Mexico | AG4: =AI!C24 -> Sveits | AH4: =IF(LOWER(LEFT(TRIM(AI!C25),1))="j","Ja","Nei") -> Ja | AI4: =AI!C26 -> USA | AJ4: =AI!C27 -> Nederland | AK4: =AI!C28 -> Belgia | AL4: =AI!C29 -> Norge | AM4: =IF(LOWER(LEFT(TRIM(AI!C30),1))="j","Ja","Nei") -> Nei | AN4: =IF(LOWER(LEFT(TRIM(AI!F34),1))="j","Ja","Nei") -> Ja | AO4: =IF(LOWER(LEFT(TRIM(AI!F35),1))="j","Ja","Nei") -> Ja | AP4: =IF(LOWER(LEFT(TRIM(AI!F36),1))="j","Ja","Nei") -> Nei | AQ4: =IF(TRIM(AI!J37)<>"","Norge",IF(TRIM(AI!L37)<>"","England",IF(TRIM(AI!N37)<>"","Like langt","-"))) -> England | AR4: =IF(TRIM(AI!J38)<>"","Haaland",IF(TRIM(AI!L38)<>"","Sørloth",IF(TRIM(AI!N38)<>"","En annen","-"))) -> Haaland
A5: Jardar | B5: =Jardar!F11 -> 2 | C5: =Jardar!H11 -> 0 | D5: =Jardar!F12 -> 0 | E5: =Jardar!H12 -> 0 | F5: =Jardar!F13 -> 3 | G5: =Jardar!H13 -> 0 | H5: =Jardar!F14 -> 1 | I5: =Jardar!H14 -> 0 | J5: =Jardar!F15 -> 1 | K5: =Jardar!H15 -> 1 | L5: =Jardar!F16 -> 2 | M5: =Jardar!H16 -> 0 | N5: =Jardar!F17 -> 1 | O5: =Jardar!H17 -> 0 | P5: =Jardar!F18 -> 0 | Q5: =Jardar!H18 -> 2 | R5: =Jardar!F19 -> 2 | S5: =Jardar!H19 -> 1 | T5: =Jardar!F20 -> 0 | U5: =Jardar!H20 -> 1 | V5: =IF(B5>C5,"H",IF(B5<C5,"B","U")) -> H | W5: =IF(D5>E5,"H",IF(D5<E5,"B","U")) -> U | X5: =IF(F5>G5,"H",IF(F5<G5,"B","U")) -> H | Y5: =IF(H5>I5,"H",IF(H5<I5,"B","U")) -> H | Z5: =IF(J5>K5,"H",IF(J5<K5,"B","U")) -> U | AA5: =IF(L5>M5,"H",IF(L5<M5,"B","U")) -> H | AB5: =IF(N5>O5,"H",IF(N5<O5,"B","U")) -> H | AC5: =IF(P5>Q5,"H",IF(P5<Q5,"B","U")) -> B | AD5: =IF(R5>S5,"H",IF(R5<S5,"B","U")) -> H | AE5: =IF(T5>U5,"H",IF(T5<U5,"B","U")) -> B | AF5: =Jardar!C23 -> Mexico | AG5: =Jardar!C24 -> Bosnia | AH5: =IF(LOWER(LEFT(TRIM(Jardar!C25),1))="j","Ja","Nei") -> Ja | AI5: =Jardar!C26 -> Paraguay | AJ5: =Jardar!C27 -> Nederland | AK5: =Jardar!C28 -> Belgia | AL5: =Jardar!C29 -> Senegal | AM5: =IF(LOWER(LEFT(TRIM(Jardar!C30),1))="j","Ja","Nei") -> Ja | AN5: =IF(LOWER(LEFT(TRIM(Jardar!F34),1))="j","Ja","Nei") -> Nei | AO5: =IF(LOWER(LEFT(TRIM(Jardar!F35),1))="j","Ja","Nei") -> Nei | AP5: =IF(LOWER(LEFT(TRIM(Jardar!F36),1))="j","Ja","Nei") -> Nei | AQ5: =IF(TRIM(Jardar!J37)<>"","Norge",IF(TRIM(Jardar!L37)<>"","England",IF(TRIM(Jardar!N37)<>"","Like langt","-"))) -> England | AR5: =IF(TRIM(Jardar!J38)<>"","Haaland",IF(TRIM(Jardar!L38)<>"","Sørloth",IF(TRIM(Jardar!N38)<>"","En annen","-"))) -> Haaland
A6: Kari | B6: =Kari!F11 -> 2 | C6: =Kari!H11 -> 1 | D6: =Kari!F12 -> 1 | E6: =Kari!H12 -> 1 | F6: =Kari!F13 -> 3 | G6: =Kari!H13 -> 0 | H6: =Kari!F14 -> 2 | I6: =Kari!H14 -> 1 | J6: =Kari!F15 -> 1 | K6: =Kari!H15 -> 1 | L6: =Kari!F16 -> 2 | M6: =Kari!H16 -> 0 | N6: =Kari!F17 -> 1 | O6: =Kari!H17 -> 1 | P6: =Kari!F18 -> 0 | Q6: =Kari!H18 -> 1 | R6: =Kari!F19 -> 1 | S6: =Kari!H19 -> 3 | T6: =Kari!F20 -> 0 | U6: =Kari!H20 -> 2 | V6: =IF(B6>C6,"H",IF(B6<C6,"B","U")) -> H | W6: =IF(D6>E6,"H",IF(D6<E6,"B","U")) -> U | X6: =IF(F6>G6,"H",IF(F6<G6,"B","U")) -> H | Y6: =IF(H6>I6,"H",IF(H6<I6,"B","U")) -> H | Z6: =IF(J6>K6,"H",IF(J6<K6,"B","U")) -> U | AA6: =IF(L6>M6,"H",IF(L6<M6,"B","U")) -> H | AB6: =IF(N6>O6,"H",IF(N6<O6,"B","U")) -> U | AC6: =IF(P6>Q6,"H",IF(P6<Q6,"B","U")) -> B | AD6: =IF(R6>S6,"H",IF(R6<S6,"B","U")) -> B | AE6: =IF(T6>U6,"H",IF(T6<U6,"B","U")) -> B | AF6: =Kari!C23 -> Mexico | AG6: =Kari!C24 -> Sveits | AH6: =IF(LOWER(LEFT(TRIM(Kari!C25),1))="j","Ja","Nei") -> Ja | AI6: =Kari!C26 -> Tyrkia | AJ6: =Kari!C27 -> Nederland | AK6: =Kari!C28 -> Belgia | AL6: =Kari!C29 -> Norge | AM6: =IF(LOWER(LEFT(TRIM(Kari!C30),1))="j","Ja","Nei") -> Nei | AN6: =IF(LOWER(LEFT(TRIM(Kari!F34),1))="j","Ja","Nei") -> Nei | AO6: =IF(LOWER(LEFT(TRIM(Kari!F35),1))="j","Ja","Nei") -> Ja | AP6: =IF(LOWER(LEFT(TRIM(Kari!F36),1))="j","Ja","Nei") -> Nei | AQ6: =IF(TRIM(Kari!J37)<>"","Norge",IF(TRIM(Kari!L37)<>"","England",IF(TRIM(Kari!N37)<>"","Like langt","-"))) -> - | AR6: =IF(TRIM(Kari!J38)<>"","Haaland",IF(TRIM(Kari!L38)<>"","Sørloth",IF(TRIM(Kari!N38)<>"","En annen","-"))) -> Haaland
A7: Knut | B7: =Knut!F11 -> 1 | C7: =Knut!H11 -> 0 | D7: =Knut!F12 -> 2 | E7: =Knut!H12 -> 1 | F7: =Knut!F13 -> 1 | G7: =Knut!H13 -> 1 | H7: =Knut!F14 -> 0 | I7: =Knut!H14 -> 1 | J7: =Knut!F15 -> 3 | K7: =Knut!H15 -> 0 | L7: =Knut!F16 -> 2 | M7: =Knut!H16 -> 1 | N7: =Knut!F17 -> 2 | O7: =Knut!H17 -> 2 | P7: =Knut!F18 -> 0 | Q7: =Knut!H18 -> 1 | R7: =Knut!F19 -> 1 | S7: =Knut!H19 -> 3 | T7: =Knut!F20 -> 0 | U7: =Knut!H20 -> 0 | V7: =IF(B7>C7,"H",IF(B7<C7,"B","U")) -> H | W7: =IF(D7>E7,"H",IF(D7<E7,"B","U")) -> H | X7: =IF(F7>G7,"H",IF(F7<G7,"B","U")) -> U | Y7: =IF(H7>I7,"H",IF(H7<I7,"B","U")) -> B | Z7: =IF(J7>K7,"H",IF(J7<K7,"B","U")) -> H | AA7: =IF(L7>M7,"H",IF(L7<M7,"B","U")) -> H | AB7: =IF(N7>O7,"H",IF(N7<O7,"B","U")) -> U | AC7: =IF(P7>Q7,"H",IF(P7<Q7,"B","U")) -> B | AD7: =IF(R7>S7,"H",IF(R7<S7,"B","U")) -> B | AE7: =IF(T7>U7,"H",IF(T7<U7,"B","U")) -> U | AF7: =Knut!C23 -> Sør-Korea | AG7: =Knut!C24 -> Canada | AH7: =IF(LOWER(LEFT(TRIM(Knut!C25),1))="j","Ja","Nei") -> Ja | AI7: =Knut!C26 -> Tyrkia | AJ7: =Knut!C27 -> Nederland | AK7: =Knut!C28 -> Belgia | AL7: =Knut!C29 -> Norge | AM7: =IF(LOWER(LEFT(TRIM(Knut!C30),1))="j","Ja","Nei") -> Nei | AN7: =IF(LOWER(LEFT(TRIM(Knut!F34),1))="j","Ja","Nei") -> Nei | AO7: =IF(LOWER(LEFT(TRIM(Knut!F35),1))="j","Ja","Nei") -> Ja | AP7: =IF(LOWER(LEFT(TRIM(Knut!F36),1))="j","Ja","Nei") -> Ja | AQ7: =IF(TRIM(Knut!J37)<>"","Norge",IF(TRIM(Knut!L37)<>"","England",IF(TRIM(Knut!N37)<>"","Like langt","-"))) -> England | AR7: =IF(TRIM(Knut!J38)<>"","Haaland",IF(TRIM(Knut!L38)<>"","Sørloth",IF(TRIM(Knut!N38)<>"","En annen","-"))) -> Sørloth
A8: Leif Anders | B8: ='Leif Anders'!F11 -> 2 | C8: ='Leif Anders'!H11 -> 0 | D8: ='Leif Anders'!F12 -> 2 | E8: ='Leif Anders'!H12 -> 1 | F8: ='Leif Anders'!F13 -> 4 | G8: ='Leif Anders'!H13 -> 0 | H8: ='Leif Anders'!F14 -> 3 | I8: ='Leif Anders'!H14 -> 1 | J8: ='Leif Anders'!F15 -> 1 | K8: ='Leif Anders'!H15 -> 0 | L8: ='Leif Anders'!F16 -> 2 | M8: ='Leif Anders'!H16 -> 1 | N8: ='Leif Anders'!F17 -> 1 | O8: ='Leif Anders'!H17 -> 1 | P8: ='Leif Anders'!F18 -> 0 | Q8: ='Leif Anders'!H18 -> 1 | R8: ='Leif Anders'!F19 -> 1 | S8: ='Leif Anders'!H19 -> 3 | T8: ='Leif Anders'!F20 -> 0 | U8: ='Leif Anders'!H20 -> 1 | V8: =IF(B8>C8,"H",IF(B8<C8,"B","U")) -> H | W8: =IF(D8>E8,"H",IF(D8<E8,"B","U")) -> H | X8: =IF(F8>G8,"H",IF(F8<G8,"B","U")) -> H | Y8: =IF(H8>I8,"H",IF(H8<I8,"B","U")) -> H | Z8: =IF(J8>K8,"H",IF(J8<K8,"B","U")) -> H | AA8: =IF(L8>M8,"H",IF(L8<M8,"B","U")) -> H | AB8: =IF(N8>O8,"H",IF(N8<O8,"B","U")) -> U | AC8: =IF(P8>Q8,"H",IF(P8<Q8,"B","U")) -> B | AD8: =IF(R8>S8,"H",IF(R8<S8,"B","U")) -> B | AE8: =IF(T8>U8,"H",IF(T8<U8,"B","U")) -> B | AF8: ='Leif Anders'!C23 -> Mexico | AG8: ='Leif Anders'!C24 -> Canada | AH8: =IF(LOWER(LEFT(TRIM('Leif Anders'!C25),1))="j","Ja","Nei") -> Ja | AI8: ='Leif Anders'!C26 -> USA | AJ8: ='Leif Anders'!C27 -> Nederland | AK8: ='Leif Anders'!C28 -> Belgia | AL8: ='Leif Anders'!C29 -> Norge | AM8: =IF(LOWER(LEFT(TRIM('Leif Anders'!C30),1))="j","Ja","Nei") -> Nei | AN8: =IF(LOWER(LEFT(TRIM('Leif Anders'!F34),1))="j","Ja","Nei") -> Nei | AO8: =IF(LOWER(LEFT(TRIM('Leif Anders'!F35),1))="j","Ja","Nei") -> Nei | AP8: =IF(LOWER(LEFT(TRIM('Leif Anders'!F36),1))="j","Ja","Nei") -> Nei | AQ8: =IF(TRIM('Leif Anders'!J37)<>"","Norge",IF(TRIM('Leif Anders'!L37)<>"","England",IF(TRIM('Leif Anders'!N37)<>"","Like langt","-"))) -> England | AR8: =IF(TRIM('Leif Anders'!J38)<>"","Haaland",IF(TRIM('Leif Anders'!L38)<>"","Sørloth",IF(TRIM('Leif Anders'!N38)<>"","En annen","-"))) -> Haaland
A9: Magnus | B9: =Magnus!F11 -> 2 | C9: =Magnus!H11 -> 0 | D9: =Magnus!F12 -> 2 | E9: =Magnus!H12 -> 1 | F9: =Magnus!F13 -> 3 | G9: =Magnus!H13 -> 0 | H9: =Magnus!F14 -> 2 | I9: =Magnus!H14 -> 0 | J9: =Magnus!F15 -> 2 | K9: =Magnus!H15 -> 1 | L9: =Magnus!F16 -> 2 | M9: =Magnus!H16 -> 0 | N9: =Magnus!F17 -> 2 | O9: =Magnus!H17 -> 1 | P9: =Magnus!F18 -> 0 | Q9: =Magnus!H18 -> 1 | R9: =Magnus!F19 -> 1 | S9: =Magnus!H19 -> 2 | T9: =Magnus!F20 -> 1 | U9: =Magnus!H20 -> 2 | V9: =IF(B9>C9,"H",IF(B9<C9,"B","U")) -> H | W9: =IF(D9>E9,"H",IF(D9<E9,"B","U")) -> H | X9: =IF(F9>G9,"H",IF(F9<G9,"B","U")) -> H | Y9: =IF(H9>I9,"H",IF(H9<I9,"B","U")) -> H | Z9: =IF(J9>K9,"H",IF(J9<K9,"B","U")) -> H | AA9: =IF(L9>M9,"H",IF(L9<M9,"B","U")) -> H | AB9: =IF(N9>O9,"H",IF(N9<O9,"B","U")) -> H | AC9: =IF(P9>Q9,"H",IF(P9<Q9,"B","U")) -> B | AD9: =IF(R9>S9,"H",IF(R9<S9,"B","U")) -> B | AE9: =IF(T9>U9,"H",IF(T9<U9,"B","U")) -> B | AF9: =Magnus!C23 -> Mexico | AG9: =Magnus!C24 -> Canada | AH9: =IF(LOWER(LEFT(TRIM(Magnus!C25),1))="j","Ja","Nei") -> Ja | AI9: =Magnus!C26 -> USA | AJ9: =Magnus!C27 -> Nederland | AK9: =Magnus!C28 -> Belgia | AL9: =Magnus!C29 -> Norge | AM9: =IF(LOWER(LEFT(TRIM(Magnus!C30),1))="j","Ja","Nei") -> Nei | AN9: =IF(LOWER(LEFT(TRIM(Magnus!F34),1))="j","Ja","Nei") -> Ja | AO9: =IF(LOWER(LEFT(TRIM(Magnus!F35),1))="j","Ja","Nei") -> Ja | AP9: =IF(LOWER(LEFT(TRIM(Magnus!F36),1))="j","Ja","Nei") -> Nei | AQ9: =IF(TRIM(Magnus!J37)<>"","Norge",IF(TRIM(Magnus!L37)<>"","England",IF(TRIM(Magnus!N37)<>"","Like langt","-"))) -> England | AR9: =IF(TRIM(Magnus!J38)<>"","Haaland",IF(TRIM(Magnus!L38)<>"","Sørloth",IF(TRIM(Magnus!N38)<>"","En annen","-"))) -> Haaland
A10: Malin | B10: =Malin!F11 -> 2 | C10: =Malin!H11 -> 0 | D10: =Malin!F12 -> 1 | E10: =Malin!H12 -> 0 | F10: =Malin!F13 -> 3 | G10: =Malin!H13 -> 0 | H10: =Malin!F14 -> 2 | I10: =Malin!H14 -> 0 | J10: =Malin!F15 -> 2 | K10: =Malin!H15 -> 1 | L10: =Malin!F16 -> 2 | M10: =Malin!H16 -> 1 | N10: =Malin!F17 -> 2 | O10: =Malin!H17 -> 0 | P10: =Malin!F18 -> 0 | Q10: =Malin!H18 -> 2 | R10: =Malin!F19 -> 1 | S10: =Malin!H19 -> 2 | T10: =Malin!F20 -> 1 | U10: =Malin!H20 -> 2 | V10: =IF(B10>C10,"H",IF(B10<C10,"B","U")) -> H | W10: =IF(D10>E10,"H",IF(D10<E10,"B","U")) -> H | X10: =IF(F10>G10,"H",IF(F10<G10,"B","U")) -> H | Y10: =IF(H10>I10,"H",IF(H10<I10,"B","U")) -> H | Z10: =IF(J10>K10,"H",IF(J10<K10,"B","U")) -> H | AA10: =IF(L10>M10,"H",IF(L10<M10,"B","U")) -> H | AB10: =IF(N10>O10,"H",IF(N10<O10,"B","U")) -> H | AC10: =IF(P10>Q10,"H",IF(P10<Q10,"B","U")) -> B | AD10: =IF(R10>S10,"H",IF(R10<S10,"B","U")) -> B | AE10: =IF(T10>U10,"H",IF(T10<U10,"B","U")) -> B | AF10: =Malin!C23 -> Mexico | AG10: =Malin!C24 -> Canada | AH10: =IF(LOWER(LEFT(TRIM(Malin!C25),1))="j","Ja","Nei") -> Ja | AI10: =Malin!C26 -> USA | AJ10: =Malin!C27 -> Nederland | AK10: =Malin!C28 -> Belgia | AL10: =Malin!C29 -> Norge | AM10: =IF(LOWER(LEFT(TRIM(Malin!C30),1))="j","Ja","Nei") -> Nei | AN10: =IF(LOWER(LEFT(TRIM(Malin!F34),1))="j","Ja","Nei") -> Nei | AO10: =IF(LOWER(LEFT(TRIM(Malin!F35),1))="j","Ja","Nei") -> Ja | AP10: =IF(LOWER(LEFT(TRIM(Malin!F36),1))="j","Ja","Nei") -> Nei | AQ10: =IF(TRIM(Malin!J37)<>"","Norge",IF(TRIM(Malin!L37)<>"","England",IF(TRIM(Malin!N37)<>"","Like langt","-"))) -> England | AR10: =IF(TRIM(Malin!J38)<>"","Haaland",IF(TRIM(Malin!L38)<>"","Sørloth",IF(TRIM(Malin!N38)<>"","En annen","-"))) -> Haaland
A11: Marit | B11: =Marit!F11 -> 2 | C11: =Marit!H11 -> 0 | D11: =Marit!F12 -> 2 | E11: =Marit!H12 -> 1 | F11: =Marit!F13 -> 3 | G11: =Marit!H13 -> 0 | H11: =Marit!F14 -> 3 | I11: =Marit!H14 -> 0 | J11: =Marit!F15 -> 1 | K11: =Marit!H15 -> 1 | L11: =Marit!F16 -> 1 | M11: =Marit!H16 -> 0 | N11: =Marit!F17 -> 1 | O11: =Marit!H17 -> 1 | P11: =Marit!F18 -> 1 | Q11: =Marit!H18 -> 3 | R11: =Marit!F19 -> 1 | S11: =Marit!H19 -> 2 | T11: =Marit!F20 -> 1 | U11: =Marit!H20 -> 2 | V11: =IF(B11>C11,"H",IF(B11<C11,"B","U")) -> H | W11: =IF(D11>E11,"H",IF(D11<E11,"B","U")) -> H | X11: =IF(F11>G11,"H",IF(F11<G11,"B","U")) -> H | Y11: =IF(H11>I11,"H",IF(H11<I11,"B","U")) -> H | Z11: =IF(J11>K11,"H",IF(J11<K11,"B","U")) -> U | AA11: =IF(L11>M11,"H",IF(L11<M11,"B","U")) -> H | AB11: =IF(N11>O11,"H",IF(N11<O11,"B","U")) -> U | AC11: =IF(P11>Q11,"H",IF(P11<Q11,"B","U")) -> B | AD11: =IF(R11>S11,"H",IF(R11<S11,"B","U")) -> B | AE11: =IF(T11>U11,"H",IF(T11<U11,"B","U")) -> B | AF11: =Marit!C23 -> Mexico | AG11: =Marit!C24 -> Sveits | AH11: =IF(LOWER(LEFT(TRIM(Marit!C25),1))="j","Ja","Nei") -> Ja | AI11: =Marit!C26 -> USA | AJ11: =Marit!C27 -> Nederland | AK11: =Marit!C28 -> Belgia | AL11: =Marit!C29 -> Senegal | AM11: =IF(LOWER(LEFT(TRIM(Marit!C30),1))="j","Ja","Nei") -> Nei | AN11: =IF(LOWER(LEFT(TRIM(Marit!F34),1))="j","Ja","Nei") -> Nei | AO11: =IF(LOWER(LEFT(TRIM(Marit!F35),1))="j","Ja","Nei") -> Ja | AP11: =IF(LOWER(LEFT(TRIM(Marit!F36),1))="j","Ja","Nei") -> Nei | AQ11: =IF(TRIM(Marit!J37)<>"","Norge",IF(TRIM(Marit!L37)<>"","England",IF(TRIM(Marit!N37)<>"","Like langt","-"))) -> England | AR11: =IF(TRIM(Marit!J38)<>"","Haaland",IF(TRIM(Marit!L38)<>"","Sørloth",IF(TRIM(Marit!N38)<>"","En annen","-"))) -> Haaland
A12: Trude | B12: =Trude!F11 -> 2 | C12: =Trude!H11 -> 0 | D12: =Trude!F12 -> 1 | E12: =Trude!H12 -> 1 | F12: =Trude!F13 -> 4 | G12: =Trude!H13 -> 0 | H12: =Trude!F14 -> 3 | I12: =Trude!H14 -> 1 | J12: =Trude!F15 -> 1 | K12: =Trude!H15 -> 1 | L12: =Trude!F16 -> 2 | M12: =Trude!H16 -> 0 | N12: =Trude!F17 -> 2 | O12: =Trude!H17 -> 0 | P12: =Trude!F18 -> 1 | Q12: =Trude!H18 -> 2 | R12: =Trude!F19 -> 1 | S12: =Trude!H19 -> 2 | T12: =Trude!F20 -> 1 | U12: =Trude!H20 -> 3 | V12: =IF(B12>C12,"H",IF(B12<C12,"B","U")) -> H | W12: =IF(D12>E12,"H",IF(D12<E12,"B","U")) -> U | X12: =IF(F12>G12,"H",IF(F12<G12,"B","U")) -> H | Y12: =IF(H12>I12,"H",IF(H12<I12,"B","U")) -> H | Z12: =IF(J12>K12,"H",IF(J12<K12,"B","U")) -> U | AA12: =IF(L12>M12,"H",IF(L12<M12,"B","U")) -> H | AB12: =IF(N12>O12,"H",IF(N12<O12,"B","U")) -> H | AC12: =IF(P12>Q12,"H",IF(P12<Q12,"B","U")) -> B | AD12: =IF(R12>S12,"H",IF(R12<S12,"B","U")) -> B | AE12: =IF(T12>U12,"H",IF(T12<U12,"B","U")) -> B | AF12: =Trude!C23 -> Mexico | AG12: =Trude!C24 -> Bosnia | AH12: =IF(LOWER(LEFT(TRIM(Trude!C25),1))="j","Ja","Nei") -> Nei | AI12: =Trude!C26 -> Tyrkia | AJ12: =Trude!C27 -> Nederland | AK12: =Trude!C28 -> Egypt | AL12: =Trude!C29 -> Norge | AM12: =IF(LOWER(LEFT(TRIM(Trude!C30),1))="j","Ja","Nei") -> Nei | AN12: =IF(LOWER(LEFT(TRIM(Trude!F34),1))="j","Ja","Nei") -> Nei | AO12: =IF(LOWER(LEFT(TRIM(Trude!F35),1))="j","Ja","Nei") -> Nei | AP12: =IF(LOWER(LEFT(TRIM(Trude!F36),1))="j","Ja","Nei") -> Nei | AQ12: =IF(TRIM(Trude!J37)<>"","Norge",IF(TRIM(Trude!L37)<>"","England",IF(TRIM(Trude!N37)<>"","Like langt","-"))) -> England | AR12: =IF(TRIM(Trude!J38)<>"","Haaland",IF(TRIM(Trude!L38)<>"","Sørloth",IF(TRIM(Trude!N38)<>"","En annen","-"))) -> Haaland
A13: Vidar | B13: =Vidar!F11 -> 2 | C13: =Vidar!H11 -> 1 | D13: =Vidar!F12 -> 1 | E13: =Vidar!H12 -> 0 | F13: =Vidar!F13 -> 2 | G13: =Vidar!H13 -> 1 | H13: =Vidar!F14 -> 3 | I13: =Vidar!H14 -> 1 | J13: =Vidar!F15 -> 0 | K13: =Vidar!H15 -> 1 | L13: =Vidar!F16 -> 3 | M13: =Vidar!H16 -> 1 | N13: =Vidar!F17 -> 2 | O13: =Vidar!H17 -> 3 | P13: =Vidar!F18 -> 0 | Q13: =Vidar!H18 -> 3 | R13: =Vidar!F19 -> 2 | S13: =Vidar!H19 -> 3 | T13: =Vidar!F20 -> 0 | U13: =Vidar!H20 -> 1 | V13: =IF(B13>C13,"H",IF(B13<C13,"B","U")) -> H | W13: =IF(D13>E13,"H",IF(D13<E13,"B","U")) -> H | X13: =IF(F13>G13,"H",IF(F13<G13,"B","U")) -> H | Y13: =IF(H13>I13,"H",IF(H13<I13,"B","U")) -> H | Z13: =IF(J13>K13,"H",IF(J13<K13,"B","U")) -> B | AA13: =IF(L13>M13,"H",IF(L13<M13,"B","U")) -> H | AB13: =IF(N13>O13,"H",IF(N13<O13,"B","U")) -> B | AC13: =IF(P13>Q13,"H",IF(P13<Q13,"B","U")) -> B | AD13: =IF(R13>S13,"H",IF(R13<S13,"B","U")) -> B | AE13: =IF(T13>U13,"H",IF(T13<U13,"B","U")) -> B | AF13: =Vidar!C23 -> Sør Korea | AG13: =Vidar!C24 -> Bosnia-Herceg. | AH13: =IF(LOWER(LEFT(TRIM(Vidar!C25),1))="j","Ja","Nei") -> Nei | AI13: =Vidar!C26 -> Australia | AJ13: =Vidar!C27 -> Nederland | AK13: =Vidar!C28 -> Iran | AL13: =Vidar!C29 -> Senegal | AM13: =IF(LOWER(LEFT(TRIM(Vidar!C30),1))="j","Ja","Nei") -> Nei | AN13: =IF(LOWER(LEFT(TRIM(Vidar!F34),1))="j","Ja","Nei") -> Nei | AO13: =IF(LOWER(LEFT(TRIM(Vidar!F35),1))="j","Ja","Nei") -> Ja | AP13: =IF(LOWER(LEFT(TRIM(Vidar!F36),1))="j","Ja","Nei") -> Nei | AQ13: =IF(TRIM(Vidar!J37)<>"","Norge",IF(TRIM(Vidar!L37)<>"","England",IF(TRIM(Vidar!N37)<>"","Like langt","-"))) -> England | AR13: =IF(TRIM(Vidar!J38)<>"","Haaland",IF(TRIM(Vidar!L38)<>"","Sørloth",IF(TRIM(Vidar!N38)<>"","En annen","-"))) -> Haaland
A14: Øystein | B14: =Øystein!F11 -> 3 | C14: =Øystein!H11 -> 1 | D14: =Øystein!F12 -> 0 | E14: =Øystein!H12 -> 0 | F14: =Øystein!F13 -> 4 | G14: =Øystein!H13 -> 0 | H14: =Øystein!F14 -> 1 | I14: =Øystein!H14 -> 0 | J14: =Øystein!F15 -> 2 | K14: =Øystein!H15 -> 0 | L14: =Øystein!F16 -> 1 | M14: =Øystein!H16 -> 1 | N14: =Øystein!F17 -> 2 | O14: =Øystein!H17 -> 2 | P14: =Øystein!F18 -> 1 | Q14: =Øystein!H18 -> 2 | R14: =Øystein!F19 -> 0 | S14: =Øystein!H19 -> 3 | T14: =Øystein!F20 -> 0 | U14: =Øystein!H20 -> 3 | V14: =IF(B14>C14,"H",IF(B14<C14,"B","U")) -> H | W14: =IF(D14>E14,"H",IF(D14<E14,"B","U")) -> U | X14: =IF(F14>G14,"H",IF(F14<G14,"B","U")) -> H | Y14: =IF(H14>I14,"H",IF(H14<I14,"B","U")) -> H | Z14: =IF(J14>K14,"H",IF(J14<K14,"B","U")) -> H | AA14: =IF(L14>M14,"H",IF(L14<M14,"B","U")) -> U | AB14: =IF(N14>O14,"H",IF(N14<O14,"B","U")) -> U | AC14: =IF(P14>Q14,"H",IF(P14<Q14,"B","U")) -> B | AD14: =IF(R14>S14,"H",IF(R14<S14,"B","U")) -> B | AE14: =IF(T14>U14,"H",IF(T14<U14,"B","U")) -> B | AF14: =Øystein!C23 -> Sør-Korea | AG14: =Øystein!C24 -> Canada | AH14: =IF(LOWER(LEFT(TRIM(Øystein!C25),1))="j","Ja","Nei") -> Nei | AI14: =Øystein!C26 -> USA | AJ14: =Øystein!C27 -> Nederland | AK14: =Øystein!C28 -> Belgia | AL14: =Øystein!C29 -> Senegal | AM14: =IF(LOWER(LEFT(TRIM(Øystein!C30),1))="j","Ja","Nei") -> Nei | AN14: =IF(LOWER(LEFT(TRIM(Øystein!F34),1))="j","Ja","Nei") -> Nei | AO14: =IF(LOWER(LEFT(TRIM(Øystein!F35),1))="j","Ja","Nei") -> Ja | AP14: =IF(LOWER(LEFT(TRIM(Øystein!F36),1))="j","Ja","Nei") -> Ja | AQ14: =IF(TRIM(Øystein!J37)<>"","Norge",IF(TRIM(Øystein!L37)<>"","England",IF(TRIM(Øystein!N37)<>"","Like langt","-"))) -> England | AR14: =IF(TRIM(Øystein!J38)<>"","Haaland",IF(TRIM(Øystein!L38)<>"","Sørloth",IF(TRIM(Øystein!N38)<>"","En annen","-"))) -> Sørloth
A15: Ådne | B15: =Ådne!F11 -> 2 | C15: =Ådne!H11 -> 1 | D15: =Ådne!F12 -> 2 | E15: =Ådne!H12 -> 1 | F15: =Ådne!F13 -> 3 | G15: =Ådne!H13 -> 0 | H15: =Ådne!F14 -> 2 | I15: =Ådne!H14 -> 1 | J15: =Ådne!F15 -> 2 | K15: =Ådne!H15 -> 1 | L15: =Ådne!F16 -> 3 | M15: =Ådne!H16 -> 1 | N15: =Ådne!F17 -> 2 | O15: =Ådne!H17 -> 1 | P15: =Ådne!F18 -> 1 | Q15: =Ådne!H18 -> 3 | R15: =Ådne!F19 -> 1 | S15: =Ådne!H19 -> 3 | T15: =Ådne!F20 -> 2 | U15: =Ådne!H20 -> 3 | V15: =IF(B15>C15,"H",IF(B15<C15,"B","U")) -> H | W15: =IF(D15>E15,"H",IF(D15<E15,"B","U")) -> H | X15: =IF(F15>G15,"H",IF(F15<G15,"B","U")) -> H | Y15: =IF(H15>I15,"H",IF(H15<I15,"B","U")) -> H | Z15: =IF(J15>K15,"H",IF(J15<K15,"B","U")) -> H | AA15: =IF(L15>M15,"H",IF(L15<M15,"B","U")) -> H | AB15: =IF(N15>O15,"H",IF(N15<O15,"B","U")) -> H | AC15: =IF(P15>Q15,"H",IF(P15<Q15,"B","U")) -> B | AD15: =IF(R15>S15,"H",IF(R15<S15,"B","U")) -> B | AE15: =IF(T15>U15,"H",IF(T15<U15,"B","U")) -> B | AF15: =Ådne!C23 -> Mexico | AG15: =Ådne!C24 -> Canada | AH15: =IF(LOWER(LEFT(TRIM(Ådne!C25),1))="j","Ja","Nei") -> Nei | AI15: =Ådne!C26 -> USA | AJ15: =Ådne!C27 -> Nederland | AK15: =Ådne!C28 -> Belgia | AL15: =Ådne!C29 -> Norge | AM15: =IF(LOWER(LEFT(TRIM(Ådne!C30),1))="j","Ja","Nei") -> Nei | AN15: =IF(LOWER(LEFT(TRIM(Ådne!F34),1))="j","Ja","Nei") -> Nei | AO15: =IF(LOWER(LEFT(TRIM(Ådne!F35),1))="j","Ja","Nei") -> Ja | AP15: =IF(LOWER(LEFT(TRIM(Ådne!F36),1))="j","Ja","Nei") -> Nei | AQ15: =IF(TRIM(Ådne!J37)<>"","Norge",IF(TRIM(Ådne!L37)<>"","England",IF(TRIM(Ådne!N37)<>"","Like langt","-"))) -> England | AR15: =IF(TRIM(Ådne!J38)<>"","Haaland",IF(TRIM(Ådne!L38)<>"","Sørloth",IF(TRIM(Ådne!N38)<>"","En annen","-"))) -> Haaland
